"ID","Title","Url","Source","Description","Date"
"8457c922-1407-430d-84c7-7a64ad3b387c","Can HDFC Bank (HDB) Stock Continue to Grow Earnings?","http://finance.yahoo.com/news/hdfc-bank-hdb-stock-continue-122218002.html","Yahoo Finance","Growth stocks can be some of the most exciting picks in the market, as these high-flyers can captivate investors’ attention, and produce big gains as well. However, these can also lead on the downside when the growth story is over, so it is ...","2014-04-04T12:18:34Z"
"64534184-00af-4e2d-b0cd-a126d81ec119","HDFC Bank market share in credit card business down 5%: Atos report","http://articles.economictimes.indiatimes.com/2014-04-03/news/48834966_1_market-share-private-sector-banks-credit-card-space","The Economic Times","MUMBAI: Market share of HDFC Bank in credit card space has fallen by 5% while share of its peers State Bank of India, ICICI Bank and Axis Bank rose 2% each in fiscal 2013-14, says a report released by Worldline India, a subsidiary of European ...","2014-04-03T14:57:14Z"
"f9c93248-c4ef-48f0-ac7c-6ab23f2587ca","HDFC Bank to roll out 20 branches in Chhattisgarh in Q1 FY'15","https://in.finance.yahoo.com/news/hdfc-bank-roll-20-branches-120202713.html","Yahoo Finance India","April 5: Private sector lender HDFC Bank is planning to expand its branch network in Chhattisgarh to 70 by launching 20 new branches in the first quarter of current fiscal, Business Standard reported citing a top bank official. The bank also plans to open ...","2014-04-05T11:55:55Z"
"0e9e4123-6dea-40e4-a00d-14f7acf2ccb1","Pick Axis Bank, Federal Bank, HDFC Bank: Ambareesh Baliga","http://www.moneycontrol.com/news/stocks-views/pick-axis-bank-federal-bank-hdfc-bank-ambareesh-baliga_1063351.html","Money Control","Ambareesh Baliga of Edelweiss Financial Services told CNBC-TV18, ""In banks the public sector undertaking (PSU) space is where one could have some further rally but I would be a bit cautious and try and book out over the next one-and-a-half-two weeks before ...","2014-04-03T06:00:22Z"
"3b67fad1-c084-4641-8a92-1aa6c78ba5cf","Xoom Announces Instant Deposit Service to HDFC Bank Accounts in India","https://in.finance.yahoo.com/news/xoom-announces-instant-deposit-hdfc-070500550.html","Yahoo Finance India","SAN FRANCISCO, March 31, 2014 (GLOBE NEWSWIRE) -- Xoom Corporation (XOOM), a leading digital money transfer provider, today announced a partnership with HDFC Bank Limited (HDB), by offering instant deposits to INR denominated HDFC Bank accounts in India.","2014-03-31T07:01:12Z"
"a24702df-74c6-4f92-863e-d074707b253f","Overbought Finance Throughout Reports – HDFC Bank Limited (NYSE:HDB), Federated National Holding Co (NASDAQ:FNHC)","http://www.meshpress.com/overbought-finance-throughout-reports-hdfc-bank-limited-nysehdb-federated-national-holding-co-nasdaqfnhc/1234611.html","meshpress.com","Los Angelas, CA – (MeshPress) — 03/31/2014 – HDFC Bank Limited (NYSE:HDB) is surely an American indian monetary providers business located in Mumbai, Maharashtra. It had been integrated throughout 1994. HDFC Lender may be the sixth biggest bank ...","2014-03-31T09:02:53Z"
"45cda4ef-5b05-4a31-b726-b06a6158beb6","Indian ADRs mixed; HDFC Bank up, Tata Motors down","http://www.newindianexpress.com/business/market_commentary/Indian-ADRs-mixed-HDFC-Bank-up-Tata-Motors-down/2014/03/28/article2135677.ece","The New Indian Express","Indian ADRs mixed on Thursday. In banking space HDFC Bank and ICICI Bank went up 0.80% and 0.62% respectively. On the otherhand, Tata Motor dropped the most with fall of 1.41% followed by Dr Reddy'S Laboratories (1.08%) and Wipro (1%).","2014-03-28T02:25:35Z"
"99b0368f-d2c6-40bc-a07a-2425087c39c1","Xoom launches instant deposit service for HDFC Bank accounts in India","http://payments.banking-business-review.com/news/xoom-launches-instant-deposit-service-to-hdfc-bank-accounts-in-india-010414-4206703","payments.banking-business-review.com","Xoom Corporation, a digital money transfer provider, has agreed to provide instant deposits service to INR denominated HDFC Bank accounts in India. This new service, which is available round the clock, will enable Xoom customers to instantly deposit money ...","2014-04-02T06:23:02Z"
"842df4e1-f2a2-4212-bc66-a420173ededf","India's newest banks plot divergent growth strategies","http://profit.ndtv.com/news/corporates/article-indias-newest-banks-plot-divergent-growth-strategies-384652","NDTV","The banking sector is dominated by state banks and the country's two biggest private sector lenders - ICICI Bank and HDFC Bank. ""If every bank were to take the same strategy that ICICI or HDFC have taken in the past, is there an opportunity to ...","2014-04-03T11:01:01Z"
"7fd59c29-409c-4f42-88b2-bd03d9af05a1","Remit now? Indian rupee could soon fall below Rs16 to Dh1","http://www.emirates247.com/markets/stocks/remit-now-indian-rupee-could-soon-fall-below-rs16-to-dh1-2014-04-03-1.544095","Emirates247","the brokerage arm of HDFC bank. According to his latest weekly currency report, the USD/INR pair is in a downtrend, with a target of hitting Rs59 vs $1 (Rs16.06 vs Dh1) this week. ""The rupee rose 3.15 per cent in the March quarter, its best ...","2014-04-03T00:23:56Z"
"0c900f90-8de4-4496-b212-95c7fdf31093","HDFC ties up with Eastern Motors for car loan","http://e-pao.net/ge.asp?heading=11&mx=&src=310314","E-Pao","Speaking at the occasion, HDFC Imphal Branch manager Momo Saka said that the bank has been working to provide such loans to denizens of Imphal since the past but this time the bank is able to launch the programme at Imphal. Noting many precious days are ...","2014-03-30T23:23:04Z"
"76350810-6cd9-4ce4-86ba-d2f47b6eb8c4","BSE Sensex slips from lifetime peak, FIIs remain bullish","http://www.financialexpress.com/story-print/1238588/","Financial Express","However, BHEL fell by 7.70 per cent, followed by Gail India (4.80 per cent), Tata Power (3.53 per cent), HDFC Bank (2.66 per cent), Axis Bank (2.27 per cent) and ICICI Bank (2.26 per cent). Among the S&P BSE sectoral indices, Realty rose by 6.91 ...","2014-04-05T10:58:39Z"
"06cc26bd-c8a0-4fce-b150-9a3760b7dca5","Everything you want to know about new bank licences","http://www.livemint.com/Opinion/POmXKHIIApNB6JliRj4w1H/Everything-you-want-to-know-about-new-bank-licences.html","Live Mint","Of these, Times Bank merged with HDFC Bank; Global Trust Bank was forced to merge with Oriental Bank of Commerce; and Bank of Punjab was acquired by Centurion Bank to form Centurion Bank of Punjab, which in turn was taken over by HDFC Bank. From now on ...","2014-04-02T06:30:11Z"
"f093ae04-c347-4b61-800b-8486bc8579d7","Sensex down over 100 pts on global cues; IT, pharma stocks edge higher","http://www.sify.com/finance/sensex-down-over-100-pts-on-global-cues-it-pharma-stocks-edge-higher-news-sensex-oeejV2ijafi.html","Sify","ONGC is down by about 2.2% at Rs 319. ICICI Bank, Larsen & Toubro, Axis Bank, State Bank of India, Coal India and BHEL are down 1% - 1.5%. HDFC Bank, Hero Motocorp, Mahindra & Mahindra, Bajaj Auto, Tata Motors, Bharti Airtel, Reliance Industries ...","2014-04-04T03:07:23Z"
"219d76f9-b518-42b9-95d5-83a54beba9cc","Banks must not punish non-maintenance of minimum balance: RBI","http://indiatoday.intoday.in/story/banks-rbi-non-maintenance-of-minimum-balance-raghuram-rajan-sbi-icici-bank-hdfc-bank/1/352329.html","India Today","Customers of ICICI Bank and HDFC Bank are charged Rs 750 per quarter if they don't maintain a minimum average quarterly balance of Rs 10,000 in urban centres and Rs 5,000 in semi-urban areas. The liability of customers should be limited in electronic ...","2014-04-01T11:03:23Z"
"26af6edb-4da0-4857-8b05-ae15246113d6","BSE Sensex slips from lifetime peak, FIIs remain bullish","http://www.financialexpress.com/story-print/1238588/","Financial Express","However, BHEL fell by 7.70 per cent, followed by Gail India (4.80 per cent), Tata Power (3.53 per cent), HDFC Bank (2.66 per cent), Axis Bank (2.27 per cent) and ICICI Bank (2.26 per cent). Among the S&P BSE sectoral indices, Realty rose by 6.91 ...","2014-04-05T10:58:39Z"
"6c3da8cf-2eea-435a-adfb-ee2eab38fb0c","Everything you want to know about new bank licences","http://www.livemint.com/Opinion/POmXKHIIApNB6JliRj4w1H/Everything-you-want-to-know-about-new-bank-licences.html","Live Mint","Of these, Times Bank merged with HDFC Bank; Global Trust Bank was forced to merge with Oriental Bank of Commerce; and Bank of Punjab was acquired by Centurion Bank to form Centurion Bank of Punjab, which in turn was taken over by HDFC Bank. From now on ...","2014-04-02T06:30:11Z"
"0d88637a-2adc-46a3-ab88-186fb125edfb","Sensex down over 100 pts on global cues; IT, pharma stocks edge higher","http://www.sify.com/finance/sensex-down-over-100-pts-on-global-cues-it-pharma-stocks-edge-higher-news-sensex-oeejV2ijafi.html","Sify","ONGC is down by about 2.2% at Rs 319. ICICI Bank, Larsen & Toubro, Axis Bank, State Bank of India, Coal India and BHEL are down 1% - 1.5%. HDFC Bank, Hero Motocorp, Mahindra & Mahindra, Bajaj Auto, Tata Motors, Bharti Airtel, Reliance Industries ...","2014-04-04T03:07:23Z"
"4db21c63-a114-43b5-9ca6-85aaa5b8a32d","Banks must not punish non-maintenance of minimum balance: RBI","http://indiatoday.intoday.in/story/banks-rbi-non-maintenance-of-minimum-balance-raghuram-rajan-sbi-icici-bank-hdfc-bank/1/352329.html","India Today","Customers of ICICI Bank and HDFC Bank are charged Rs 750 per quarter if they don't maintain a minimum average quarterly balance of Rs 10,000 in urban centres and Rs 5,000 in semi-urban areas. The liability of customers should be limited in electronic ...","2014-04-01T11:03:23Z"
"67664ae0-1d67-48c6-9154-94b2472e42be","Freeing minimum balance may mean fee for other services: Aditya Puri","http://www.thehindubusinessline.com/companies/freeing-minimum-balance-may-mean-fee-for-other-services-aditya-puri/article5859750.ece","The Hindu Business Line","Consumers will end up paying more for ‘other services’ if penalty for non-maintenance of minimum balance in savings bank accounts is done away with, according to Aditya Puri, MD and CEO of HDFC Bank. The RBI on Tuesday said banks should not levy penal ...","2014-04-01T15:35:24Z"
"de5ac4aa-33a7-4b43-b4d8-79f93d112110","Yes Bank raises $500 mn in foreign currency loans, deposits","http://www.financialexpress.com/news/yes-bank-raises--500-mn-in-foreign-currency-loans-deposits/1237435","Financial Express","Yes Bank's larger rival and peer in the private sector space, HDFC Bank, had raised USD 3.4 billion via the FCNR (B) deposit route alone during the nearly three months that the window was operational. The loan facilities will be used to scale up general ...","2014-04-01T14:02:21Z"
"5b9da1e8-6c56-4f1c-a395-23855c75817b","Banks to provide more facilities through education loan to medical students","http://www.rupeetimes.com/news/education_loans/banks_to_provide_more_facilities_through_education_loan_to_medical_students_9235.html","Rupee Times","State bank of India, IBDI bank, HDFC bank, bank of Baroda and PNB bank will be providing easy education loan for medical students. Medical education is another field of education which is quite expensive, due to which students find it difficult to pursue ...","2014-04-04T05:09:04Z"
"550e0aed-a170-4907-b720-39d748e7acd1","How to Benefit From the Banking Jobs Explosion","http://blogs.wsj.com/indiarealtime/2014/04/01/how-to-benefit-from-the-banking-jobs-explosion/","Wall Street Journal","... of human resources at Axis Bank Ltd., India’s third largest private sector bank by assets after ICICI Bank Ltd. and HDFC Bank Ltd. Around two dozen industrial houses have applied to India’s central bank for permission to start banking ...","2014-04-01T04:22:31Z"
"257d4dd1-fa6e-4ba9-b24f-c0e1ddcf0e8a","India BRICS","http://economictimes.indiatimes.com/topic/India-BRICS","Economic Times","BRICS in slowdown; how India can buck the trend ET As the stars of developed economies ascend and of BRICS descend, HDFC Bank MD, Aditya Puri reflects on how India can buck the trend. BRICS on rebound mode; India to clock steady GDP in next 3 years ET As ...","2014-04-02T23:55:18Z"
"228172f2-7fb3-4832-bfe9-10a9ecc1ac23","India's gold imports likely jumped in March - trade body GJF","http://in.reuters.com/article/2014/04/02/gold-india-idINDEEA310DI20140402","Reuters Group PLC","However, in mid-March, the central bank allowed five more private banks including HDFC Bank (HDBK.NS) and Axis Bank (AXBK.NS) to import the metal, in what many saw as a first step towards easing of tough restrictions. ""All the five banks have a ...","2014-04-02T15:19:54Z"
"e78f308a-f035-4828-9821-68d7dad73695","Gold premiums seen falling further on any ease in trade curbs","http://in.reuters.com/article/2014/04/03/gold-india-idINDEEA3208F20140403","Reuters Group PLC","Last month the RBI allowed five private banks including HDFC Bank (HDBK.NS) and Axis Bank (AXBK.NS) to import the metal, in what many saw as a first step towards an easing of the tough restrictions on gold trading. March imports as a result may ...","2014-04-03T11:01:01Z"
"fd8a2c3a-74ef-4d7b-9a69-6b1631250117","Volumes jump at Thermax counter","http://www.indiainfoline.com/Markets/News/Volumes-jump-at-Thermax-counter/5288904390","India Infoline Ltd","GM Breweries, Future Retail, Ushdev International and HDFC Bank are among the other stocks to see a surge in volumes on BSE today, 31 March 2014. Thermax clocked volume of 1.50 lakh shares by 12:43 IST on BSE, a 70.44-times surge over two-week average ...","2014-03-31T07:01:12Z"
"5839cd6f-8f64-4b55-818f-1d36db6b6fb9","Hyundai Xcent goes to Kashmir","http://www.cartrade.com/car-bike-news/hyundai-xcent-goes-to-kashmir-123500.html","Car Trade","The Xcent sedan was launched in Kashmir by Haseeb ur Rehman, SP Traffic in presence of senior executives of Hyundai Motor India Limited, Directors of Arise Hyundai, HDFC Bank, Axis Bank, JK Bank officials and Mahindra and Mahindra Financial Services Limited.","2014-04-03T10:53:51Z"
"a07c0123-b9be-4d2f-9480-b63d6baa96ee","Markets this quarter: Sensex gains 5.7 percent, L&T surges 19 percent","http://blogs.reuters.com/india/2014/03/31/markets-this-quarter-sensex-gains-5-7-percent-lt-surges-19-percent/","Reuters Analysis & Opinion","despite the recent outperformance and expect the bank to continue its outperformance over HDFC Bank, as the broad economic trends point to moderate improvement from current levels,"" Kotak Institutional Equities said in a March 18 research note.","2014-04-01T04:01:03Z"
"22997e31-a699-4f60-a8f4-a1253830040b","Sensex, Nifty retreat from record high on profit-taking","http://finance.yahoo.com/news/sensex-nifty-hit-record-highs-ease-ahead-rbi-043103347--sector.html","Yahoo Finance","Bank shares slump with State Bank of India falling 1.6 percent and HDFC Bank 1.8 percent. (Reporting by Abhishek Vishnoi) Finance Investment & Company Information BSE Sensex","2014-04-01T04:36:50Z"
"1c0fe109-912c-4e17-bddb-844bbb77426c","Sensex, Nifty retreat from record high on profit-taking","http://finance.yahoo.com/news/sensex-nifty-hit-record-highs-ease-ahead-rbi-043103347--sector.html","Yahoo Finance","Bank shares slump with State Bank of India falling 1.6 percent and HDFC Bank 1.8 percent. (Reporting by Abhishek Vishnoi) Finance Investment & Company Information BSE Sensex","2014-04-01T04:36:50Z"
"e8c05092-cdd0-463c-b906-b0552af3083e","India gold premiums seen falling further on any ease in trade curbs","http://www.reuters.com/article/2014/04/03/gold-india-idUSL4N0MV1CZ20140403","Thomson Reuters","Last month the RBI allowed five private banks including HDFC Bank and Axis Bank to import the metal, in what many saw as a first step towards an easing of the tough restrictions on gold trading. March imports as a result may have jumped from ...","2014-04-03T06:50:29Z"
"149f1f73-997f-4ede-a978-04c7ba4242be","IDFC, Bandhan plot different growth strategies","http://www.vccircle.com/news/banking/2014/04/03/idfc-bandhan-plot-different-growth-strategies","VC Circle","The banking sector is dominated by state banks and ICICI Bank and HDFC Bank, the country's two biggest private sector lenders. ""If every bank were to take the same strategy that ICICI or HDFC have taken in the past, is there an opportunity to ...","2014-04-03T14:35:46Z"
"7a5bd294-af7b-4d7b-96bb-14d70dff57af","RBI: Banks must not punish non-maintenance of minimum balance","http://www.hindustantimes.com/business-news/banks-must-not-punish-non-maintenance-of-minimum-balance-says-rbi/article1-1202947.aspx","Hindustan Times","If I start charging for these services, you will actually end up paying more to the bank,"" said Aditya Puri, MD and CEO of HDFC Bank. The Sensex finally ended the day at life-time closing high of 22,551.49, a rise of 105.05 points or 0.47% from its ...","2014-04-01T11:32:01Z"
"95fb2776-ce14-43d2-9dbe-994527c5b537","Loans against Cars: A Quick Solution for Urgent Cash Needs","http://www.rupeetimes.com/article/car_loans/loans_against_cars_a_quick_solution_for_urgent_cash_needs_7673.html","Rupee Times","It means that borrowers can approach any bank offering this scheme and pledge their vehicles to avail funds. Although, it is not a widely advertised loan product, many leading banks, such as HDFC Bank and Kotak Mahindra Bank, are offering ‘loans against ...","2014-04-05T14:33:24Z"
"299b1e4b-5684-4b9a-8dc1-fdcab2d75a3e","Axis Bank raises $30.6 mn via foreign securities","http://www.domain-b.com/finance/banks/axis_bank/20140403_securities.html","Domain-b","The debt security has been raised through its Dubai International Centre branch. Axis Bank, formerly UTI Bank (See: UTI Bank to change name to Axis Bank), is the third-largest private Indian bank after ICICI Bank and HDFC Bank.","2014-04-03T09:13:38Z"
"978c6795-92f5-4ac1-a66d-d047c6613d97","Nifty ends above 6750 levels gains for Oil, Banking stocks","http://www.commodityonline.com/news/nifty-ends-above-6750-levels;-gains-for-oil-banking-stocks-58414-3-58415.html","Commodity Online","From the Nifty weight perspective, key gainers were Reliance Industries Ltd (NSE: RELIANCE), Housing Development Finance Corporation Ltd (NSE: HDFC) and ICICI Bank Ltd (NSE: ICICIBANK) while key losers were ITC Ltd (NSE: ITC), HDFC Bank Ltd (NSE ...","2014-04-02T10:12:06Z"
"707297d7-c41d-4219-ae95-b07d245350ef","Reserve Bank of India recommends removal of minimum balance penalty","http://retailbanking.banking-business-review.com/news/rbi-recommends-avoid-minimum-balance-penalty-020414-4207308","retailbanking.banking-business-review.com","HDFC Bank managing director Aditya Puri was quoted by the Business Standard as saying, ""The consumer will end up paying more in the alternative. ""It is implied that if you don't charge on non-maintenance of minimum balance, you are authorised to charge on ...","2014-04-01T23:56:29Z"
"a6b5bc09-dabb-4061-a671-1670687c2f20","New Banking License: Election Commission Clears Way for New Bank Licences","http://www.aegindia.org/2014/04/new-banking-license-election-commission-clears-way-for-new-bank-licences/2149303.html","aeg India","In 1993 January, ten banks were given licenses as per the guidelines. ICICI bank, HDFC bank, Axis bank, Indusind bank, DCB bank, IDBI bank are among those who were issued licence. RBI issued licenses for YES Bank, Kotak Mahindra bank were issued licenses ...","2014-04-02T00:32:16Z"
"6e348516-c9fa-4938-9a25-51f14a56f1c1","Sensex ends above 22,500-level","http://www.deccanherald.com/content/396161/sensex-ends-above-22500-level.html","Deccan Herald","State-run SBI gained 2.06 per cent, ICICI Bank 1.53 per cent and HDFC 1.09 per cent.Bharti Airtel at 3.34 per cent was the day's biggest gainer, followed by Tata Motor at 2.62 per cent. Cipla was 2.00 per cent, ONGC 1.96 per cent, Larsen 1.85 per cent ...","2014-04-02T10:40:44Z"
"713a3803-9146-419b-a8fb-4d3a8e831655","Canadian World Fund: Investment Update-Unaudited","http://www.einnews.com/pr_news/198446770/canadian-world-fund-investment-update-unaudited","EIN Newsdesk","HDFC Bank Ltd. (India) 4.6% Galaxy Entertainment Group Limited (Hong Kong) 4.4% Cash (Canada) 4.2% Valeant Pharmaceuticals International, Inc. (Canada) 4.1% Mahindra & Mahindra Limited (India) 3.7% Apple Inc. (United States) 3.6% The Middleby Corporation ...","2014-04-02T23:55:18Z"
"3f153bbb-82b3-48ca-90d5-574886dea639","India's Mar '14 gold imports likely to be on higher side: GJF","http://www.metal.com/newscontent/59199_indias-mar-14-gold-imports-likely-to-be-on-higher-side-gjf","Shanghai Metals Market","The gold import permissions were being granted to HDFC Bank, Kotak Mahindra Bank, Axis Bank, IndusInd Bank and Yes Bank. According to Haresh Soni, these five banks have wide presence across India. The competition arising out of the entry of new ...","2014-04-04T01:05:42Z"
"ff7a2231-a322-4264-a5b0-5fe55e4dba34","Markets: 10 hits in a row; Sensex up over 100 points","http://www.rediff.com/business/slide-show/slide-show-1-how-the-markets-fared-on-apr-2/20140402.htm","Rediff India Abroad","Heavyweights such as Reliance Industries, Tata Motors, ICICI Bank, Larsen & Toubro and Bharti Airtel collectively lifted the benchmark Sensex 109 points higher while losses in ITC and HDFC Bank capped the gains. Meanwhile, foreigners' betting on ...","2014-04-02T03:59:52Z"
"c80ef3b1-9f5a-4bc7-a225-574b8607efd8","RBI proposal may pinch customers more: Banks","http://timesofindia.indiatimes.com/business/india-business/RBI-proposal-may-pinch-customers-more-Banks/articleshow/33092007.cms","Times of India","HDFC Bank. He added that this was not yet a directive and Indian Banks Association must get back to the RBI with the viewpoint of banks that the customer may actually suffer. K R Kamath, Punjab National Bank chairman and IBA head, said ...","2014-04-01T19:31:38Z"
"f7a9f386-c5fd-455c-9513-3db458d142db","Sensex ends 6-day rally on profit booking; closes down 42 points","http://zeenews.india.com/business/news/finance/sensex-ends-6-day-rally-on-profit-booking-closes-down-42-points_97303.html","Zee News","In 30-BSE index components, 17 stocks declined led by Reliance Industries, ICICI Bank, Axis Bank, State Bank of India, HDFC Bank, Bajaj Auto, Bharti Airtel and BHEL. Market supporters were Infosys, Cipla, Dr Reddy's Lab., Hindustan Unilever ...","2014-04-03T10:39:32Z"
"38328ec6-d610-4c79-880b-8a809891138d","RBI proposal may pinch customers more: Banks","http://timesofindia.indiatimes.com/business/india-business/RBI-proposal-may-pinch-customers-more-Banks/articleshow/33092007.cms","Times of India","HDFC Bank. He added that this was not yet a directive and Indian Banks Association must get back to the RBI with the viewpoint of banks that the customer may actually suffer. K R Kamath, Punjab National Bank chairman and IBA head, said ...","2014-04-01T19:31:38Z"
"10fa975b-b889-4a04-af3a-61dd0399837a","Sensex ends 6-day rally on profit booking; closes down 42 points","http://zeenews.india.com/business/news/finance/sensex-ends-6-day-rally-on-profit-booking-closes-down-42-points_97303.html","Zee News","In 30-BSE index components, 17 stocks declined led by Reliance Industries, ICICI Bank, Axis Bank, State Bank of India, HDFC Bank, Bajaj Auto, Bharti Airtel and BHEL. Market supporters were Infosys, Cipla, Dr Reddy's Lab., Hindustan Unilever ...","2014-04-03T10:39:32Z"
"eaefc6dd-d90e-44f5-8dd8-33bd5683c04a","Loan pre-payment penalty at banks to go","http://www.moneyguruindia.com/article.php?cid=6887","MoneyGuru India","She added that with this move, the bank can start charging for special services now. But she did not say by how much or which services will attract charges. Aditya Puri, chief of HDFC Bank, which has a minimum balance requirement of Rs 10,000 per account ...","2014-04-01T22:09:06Z"
"7e79f075-29ce-4c2b-b98e-ceb93187e234","Gold premiums seen falling further on any ease in curbs","http://www.thehimalayantimes.com/fullNews.php?headline=Gold+premiums+seen+falling+further+on+any+ease+in+curbs&NewsID=410701","Himalayan Times","Last month, the RBI allowed five private banks including HDFC Bank and Axis Bank to import the metal, in what many saw as a first step towards an easing of the tough restrictions on gold trading. March imports as a result may have jumped from ...","2014-04-03T10:39:32Z"
"fddb01fa-25bf-4086-8e0b-6417c69eb808","Banks should not levy penal charges for non-maintenance of minimum Balance: RBI","http://www.jagranjosh.com/current-affairs/banks-should-not-levy-penal-charges-for-nonmaintenance-of-minimum-balance-rbi-1396432796-1","Jagran Josh","For instance, State Bank of India does not levy any charge for non maintenance of the minimum balance in the savings account. Whereas, AXIS, ICICI and HDFC Bank charge 750 rupees per quarter in case of non maintenance of minimum 100000 rupees in urban ...","2014-04-02T09:21:59Z"
"f01bfcaf-34ec-4055-b2a1-c4a9bbbb072c","Chennai: Credit card cloning gang busted, five arrested","http://www.ndtv.com/article/cities/chennai-credit-card-cloning-gang-busted-five-arrested-501678","NDTV","A complaint was lodged by HDFC Bank that fraudulent financial transactions had taken place in the accounts of many of its customers even while they had physical custody of debit cards. The bank suspected that the card data could have been stolen ...","2014-03-28T17:06:03Z"
"1881557c-404c-451a-98fd-3c90a942bb49","Markets retreat from record highs; IT gains","http://www.rediff.com/business/slide-show/slide-show-1-how-the-sensex-fared-on-apr-1/20140401.htm","Rediff India Abroad","Hindalco, Maruti Suzuki, ICICI Bank, HDFC Bank, BHEL, SBI, Hero MotoCorp and Bharti Airtel down 1-2.5% were the prominent losers of the day. The market breadth was positive on BSE. 1,572 stocks advanced while 1,137 stocks declined. Gati Limited ...","2014-04-01T03:53:53Z"
"e62ea5b4-8f11-4906-8d8b-1aac1a8bf5b3","Jammu & Kashmir Bank - Holding on to their stable performance! - Prabhudas Lilladher","http://www.equitybulls.com/admin/news2006/news_det.asp?id=135551","Equity Bulls","Addressing investor concerns: (1) Competition: The Bank's share of J&K state's deposits has been stable at ~68-70% over the last 2-3 years. HDFC Bank (HDFCB) has been able to garner 2% B/s share in J&K (Dec-13) and management indicated that ...","2014-03-29T09:19:34Z"
"a3b5b746-9e59-4cb2-b82a-f7b4e0192d69","Sensex, Nifty touch record highs again","http://www.newstrackindia.com/newsdetails/2014/04/02/194--Sensex-Nifty-touch-record-highs-again-.html","Newstrack India","344.25; Hindalco Inds, down 1.45 percent at Rs.136.10; Sesa Sterlite, down 1.41 points at Rs.189.15; HDFC Bank, down 1.02 points at Rs.730.55; and Hindustan Unilever, down 0.99 percent at Rs.595.65. Among the Asian markets, Japan's Nikkei closed ...","2014-04-02T12:06:38Z"
"1637e506-4f8c-4200-a722-f40a3b0f54b0","Rupee Falls From 8-Month High on Technicals, Intervention Risk","http://www.bloomberg.com/news/2014-04-03/rupee-drops-to-one-week-low-on-speculation-rbi-to-slow-gains.html","Bloomberg","""Foreign inflows are likely to pick up further as we approach the elections and it is unlikely that they will withdraw until the outcome is known,"" said Ashtosh Raina, Mumbai-based head of foreign-exchange trading at HDFC Bank Ltd. in a ...","2014-04-03T05:46:03Z"
"00e120ba-44e1-4c92-897e-6ed903b0915d","Sensex drops 149 points on profit-booking","http://www.thehindu.com/business/markets/sensex-drops-149-points-on-profitbooking/article5871683.ece","The Hindu","Major losers were Infosys, Tata Consultancy Services, Wipro, Reliance Industries, Bajaj Auto, Bharti Airtel, BHEL, GAIL India, HDFC, ICICI Bank, ITC and Larsen and Toubro. The auto sector index suffered the most by losing 1 per cent to 13,278.87 followed ...","2014-04-04T11:28:28Z"
"b22df4ee-3978-4a8f-9234-deb49308992a","Rupee dips amid concerns about strong performance","http://www.danielstrading.com/news/currency-futures/2014/04/03/rupee-dips-amid-concerns-about-strong-performance/","Daniels Trading","""Foreign inflows are likely to pick up further as we approach the elections and it is unlikely that they will withdraw until the outcome is known,"" head of foreign-exchange trading Ashtosh Raina with HDFC Bank Ltd. in Mumbai told the news source ...","2014-04-03T14:57:14Z"
"7ce88983-ac0b-4243-be3a-4fcecb536b7d","Sensex, Nifty touch record highs, close flat","http://www.indileak.com/sensex-nifty-touch-record-highs-close-flat/","indileak.com","The main losers were: Hindalco Inds, down 2.54 percent at Rs 138.10; Maruti Suzuki, down 2.04 percent at Rs 1,931.15; ICICI Bank, down 1.74 points at Rs 1,223.80; HDFC Bank, down 1.44 points at Rs 738.10; and BHEL, down 1.32 percent at 194.20. Among the ...","2014-04-01T11:53:30Z"
"ed3a6634-b7b9-421b-b496-452be865271f","India opens up banking competition with two new licences","http://www.ft.com/cms/s/0/9be66c90-ba72-11e3-aeb0-00144feabdc0.html","Financial Times","State-backed institutions control three-quarters of India’s banking sector by assets, but a number of highly profitable new private sector entrants such as HDFC Bank have won growing market share over the last two decades, in turn attracting interest ...","2014-04-02T17:28:45Z"
"6d9afe63-689e-4cce-a7b3-39fc700a1e3a","Sensex down 42 points","http://www.thehindubusinessline.com/markets/sensex-down-42-points/article5865885.ece","The Hindu Business Line","Some of the banks that closed in the red include ICICI Bank, IndusInd Bank, Yes Bank, Federal Bank, Kotak Mahindra Bank and HDFC Bank, Axis Bank, State Bank of India, Canara Bank, Union Bank of India, Bank of India and Bank of Baroda. Punjab National Bank ...","2014-04-03T11:43:58Z"
"2212ebde-0d31-4eb9-a4f4-fd6d50129a24","Sensex down 42 points","http://www.thehindubusinessline.com/markets/sensex-down-42-points/article5865885.ece","The Hindu Business Line","Some of the banks that closed in the red include ICICI Bank, IndusInd Bank, Yes Bank, Federal Bank, Kotak Mahindra Bank and HDFC Bank, Axis Bank, State Bank of India, Canara Bank, Union Bank of India, Bank of India and Bank of Baroda. Punjab National Bank ...","2014-04-03T11:43:58Z"
"35cc2037-5b85-4264-b4d5-8e333ad44d41","Samsung Brings In Easy EMIs For Its GALAXY Tab 3 Range","http://www.techtree.com/content/news/5845/samsung-brings-easy-emis-galaxy-tab-3-range.html","Techtree","Buyers can also go in for the scheme via their credit cards from participating banks such as HDFC Bank, ICICI Bank, Citibank, SBI, Axis Bank, Kotak and Standard Chartered availing an 18 month EMI scheme; but with some added interest rates. Similar to ...","2014-04-01T13:12:14Z"
"394b3380-d9b7-43c1-9237-65e07cba4357","Don’t punish non-maintenance of minimum balance: RBI","http://news.in.msn.com/business/don%e2%80%99t-punish-non-maintenance-of-minimum-balance-rbi","MSN India","Customers of ICICI Bank and HDFC Bank are charged Rs 750 per quarter if they don't maintain a minimum average quarterly balance of Rs 10,000 in urban centres and Rs 5,000 in semi-urban areas.","2014-04-01T10:49:04Z"
"6e3d3833-9640-465c-a755-854568b78e7a","Com Bank named Lanka’s Best by Global Finance","http://www.lbt.lk/corporate/evaluations/6597-com-bank-named-lankas-best-by-global-finance-usa","LBT","Ranked alongside Commercial Bank as the best banks in 2014 in their respective countries are China Merchants Bank (China), HDFC Bank (India), Shinhan Financial Group (South Korea), Public Bank (Malaysia), Standard Chartered Bank (Nepal), Siam Commercial ...","2014-03-27T23:55:15Z"
"77c977c8-0129-472e-b4d6-924327189c46","Indian Markets Scale New Highs","http://www.rttnews.com/2290663/indian-markets-scale-new-highs.aspx","Realtime Business News","Among the prominent gainers in the Sensex pack, Reliance Industries, Bajaj Auto, HDFC, HDFC Bank, Hero MotoCorp, Coal India, ICICI Bank, ONGC and Gail India climbed 2-5 percent. Yes Bank climbed 4.8 percent after the Bombay High Court admitted a plea by ...","2014-03-24T07:16:39Z"
"2d6417ee-d1ed-4912-8a30-d677276d1e22","Sensex registers marginal gain during the week","http://www.newkerala.com/news/2014/fullnews-33954.html","New Kerala","The stock had scaled a 52-week high of Rs 962.20 in intraday trade on Thursday. Banks stocks declined. HDFC Bank was down by 2.66 pc and ICICI Bank declined by 2.25 pc. Axis Bank dropped by 2.26 pc. The Reserve Bank of India left key policy rates unchanged ...","2014-04-05T06:40:57Z"
"3bce0239-3d9c-462f-897c-1377f1c2cf4b","Sensex drops 149 points on profit-booking; IT stocks hit","http://post.jagran.com/sensex-drops-149-points-on-profitbooking-it-stocks-hit-1396612166","Post","Major losers were Infosys, Tata Consultancy Services, Wipro, Reliance Industries, Bajaj Auto, Bharti Airtel, BHEL, GAIL India, HDFC, ICICI Bank, ITC and Larsen and Toubro. The auto sector index suffered the most by losing 1 percent to 13,278.87 followed by ...","2014-04-04T10:24:02Z"
"dbfff561-16d0-4f69-b1d1-3e534d712997","Market ends with muted gain, RBI policy remains non event","http://www.commodityonline.com/news/market-ends-with-muted-gain-rbi-policy-remains-non-event-58395-3-58396.html","Commodity Online","From the Nifty weight perspective, key gainers were Tata Consultancy Services Ltd (NSE: TCS), Reliance Industries Ltd (NSE: RELIANCE) and Infosys Ltd (NSE: INFY) while key losers were ICICI Bank Ltd (NSE: ICICIBANK), HDFC Bank Ltd (NSE: HDFCBANK ...","2014-04-01T10:20:26Z"
"3ee77a2e-30fd-4f91-95d6-58731e4acc23","Commercial Bank named Sri Lanka’s Best Bank by Global Finance, USA","http://www.island.lk/index.php?page_cat=article-details&page=article-details&code_title=100726","The Island","Ranked alongside Commercial Bank as the best banks in 2014 in their respective countries are China Merchants Bank (China), HDFC Bank (India), Shinhan Financial Group (South Korea), Public Bank (Malaysia), Standard Chartered Bank (Nepal), Siam Commercial ...","2014-03-29T21:08:14Z"
"b8a284f4-4664-48a1-8610-a37cdcad59e0","BSE Sensex ends 6-day rally on profit booking","http://businesstoday.intoday.in/story/bse-sensex-declines-after-touching-record-high/1/204852.html","Business Today","In 30-BSE index components, 17 stocks declined led by Reliance Industries, ICICI Bank, Axis Bank, State Bank of India, HDFC Bank, Bajaj Auto, Bharti Airtel and BHEL. Market supporters were Infosys, Cipla, Dr Reddy's Lab, Hindustan Unilever, Maruti Suzuki ...","2014-04-03T06:07:32Z"
"6b891426-d46c-41a4-adbd-5c14ae0a046b","Banks Must Not Punish Non-Maintenance of Balance: RBI","http://news.outlookindia.com/items.aspx?artid=835052","News Outlook India","Customers of ICICI Bank and HDFC Bank are charged Rs 750 per quarter if they don't maintain a minimum average quarterly balance of Rs 10,000 in urban centres and Rs 5,000 in semi-urban areas. The liability of customers should be limited in electronic ...","2014-04-01T11:03:23Z"
"3939bed6-a7cd-4445-bdd2-063f4486d559","How many new banks will get RBI’s nod?","http://www.livemint.com/Opinion/TEcLdRRqvl44CRwePCvTDN/How-many-new-banks-will-get-RBIs-nod.html","Live Mint","This list comprised: Global Trust Bank Ltd, ICICI Bank Ltd, HDFC Bank Ltd, UTI Bank Ltd (renamed Axis Bank Ltd), Bank of Punjab, IndusInd Bank Ltd, Centurion Bank Ltd, IDBI Bank Ltd, Times Bank and Development Credit Bank Ltd. Of these, Times Bank was ...","2014-03-20T06:02:39Z"
"77c56682-f189-4166-b538-6e148f677935","Hyundai Xcent rolled out in Kashmir","http://www.greaterkashmir.com/news/2014/Apr/3/hyundai-xcent-rolled-out-in-kashmir-68.asp","Greater Kashmir","At Arise Hyundai, here, the compact family sedan was unveiled by SP Traffic, Haseeb ur Rehman in presence of senior executives of Hyundai Motor India Limited, Directors of Arise Hyundai, officials from JK Bank, HDFC Bank, Axis Bank and Mahindra and ...","2014-04-02T17:28:45Z"
"bbb0b6d4-e949-4198-bdba-c1aa10962828","The India Fund, Inc. Announces Performance Data And Portfolio Composition","http://online.wsj.com/article/PR-CO-20140401-912439.html","The Wall Street Journal","Percent of Stock Net Assets ----- ----- Housing Development Finance Corporation 9.8 ----- ----- ICICI Bank 9.0 ...","2014-04-01T16:11:12Z"
"9b4719a6-c9ba-4c96-b2cd-ae560182c5ee","India allows more banks to import gold","http://www.dawn.com/news/1094245/india-allows-more-banks-to-import-gold","Dawn","India’s central bank has allowed gold imports by HDFC Bank, Axis Bank, Kotak Mahindra Bank, Indus Ind Bank and Yes Bank, officials at the respective banks told Reuters. Two industry sources confirmed the names of the banks. They and the bank ...","2014-03-20T07:50:02Z"
"6f81a051-b406-44fe-8971-586aab1db5ed","India allows more banks to import gold","http://www.dawn.com/news/1094245/india-allows-more-banks-to-import-gold","Dawn","India’s central bank has allowed gold imports by HDFC Bank, Axis Bank, Kotak Mahindra Bank, Indus Ind Bank and Yes Bank, officials at the respective banks told Reuters. Two industry sources confirmed the names of the banks. They and the bank ...","2014-03-20T07:50:02Z"
"ed81f99f-ce27-4c1b-a48d-ff8e48a8012b","UPDATE 2-Indian shares hit record highs as domestic-focused firms rally","http://www.reuters.com/article/2014/03/18/india-markets-shares-idUSL3N0MF16E20140318","Thomson Reuters","especially companies more geared towards the domestic economy such as HDFC Bank. Still, a bout of profit-taking erased most of the gains from earlier in the session as some technical indicators such as the relative strength index indicating ...","2014-03-18T02:01:39Z"
"4e1e1904-35ab-4a18-a0a2-80c5a680e6e5","Adjusting Full-Year Forecast for SBI Downwards","http://www.morningstar.in/posts/23585/adjusting-full-year-forecast-for-sbi-downwards-our-absolute-fair-value-estimate-remains-unchanged.aspx","Morning Star","which is higher than ICICI Bank's 2.4% but lower than HDFC Bank's 4.75% over the same period. Deposits take time to build and customers are reluctant to move banking relationships. We think this is a significant advantage for SBI, and award it a narrow ...","2014-04-01T04:51:09Z"
"ad08f112-b1db-4b9c-9398-3414e019df13","Indian Bank HUDC Expects GDP To Hit 8% In 5 Years","http://www.fxstreet.com/analysis/forex-news-round-up/2014/03/24/02/","Forex Street","India's battered economy could return to its glory days of growth above 8 percent, the chief financial officer of HDFC, one of India's largest lenders, told CNBC. ""I really honestly believe that if the elections go well, in five years' time ...","2014-03-24T02:01:41Z"
"70a13972-d7a4-4ddb-9069-5cd015b73b49","Indian rupee may be kept in check by Raghuram Rajan's moves in forex market","http://www.hispanicbusiness.com/2014/3/22/indian_rupee_may_be_kept_in.htm","Hispanic Business","""The RBI has always been hands-on in the exchange rate market and will likely remain so to curb volatility,"" said Ashish Parthasarthy, head of treasury at HDFC Bank. Currency traders believe the central bank has been buying dollars ...","2014-03-22T15:54:25Z"
"2126de56-596b-4a08-9d64-c01f2097857b","Sensex ends 149 points down; IT stocks hit","http://www.greaterkashmir.com/news/2014/Apr/5/sensex-ends-149-points-down-it-stocks-hit-23.asp","Greater Kashmir","In 30-BSE index components 25 stocks declined while five ended with gains. Major losers were Infosys, Tata Consultancy Services, Wipro, Reliance Industries, Bajaj Auto, Bharti Airtel, BHEL, GAIL India, HDFC, ICICI Bank, ITC and Larsen and Toubro.","2014-04-04T18:16:29Z"
"9ec19ce8-9a32-4b62-b7c0-cbbd20c6cd15","Technicals with Angel Broking: It has become a buy-on-dips market","http://www.moneyguruindia.com/article.php?cid=6863","MoneyGuru India","Next month future is trading with premium of 69.45 points. Liquid counters where the cost of carry is high are Unitech, NHPC, HDFC Bank, GMR Infra and IFCI. Stocks with negative cost of carry are Bhel, Ashok Leylands, SAIL, Axis Bank and HCL Tech.","2014-03-30T23:58:51Z"
"aa80aee4-73bd-4bab-9cf8-1ba5d9d1cd94","APEEJAY SCHOOL OF MANAGEMENT, NEW DELHI","http://www.mbauniverse.com/admissions/progress.php?institute_id=378","MBA Universe","ASM has strong industry linkages with companies like HDFC Bank, ICICI Securities, Net Carrot Loyalty Services etc. to facilitate Training & Placement opportunities and offers industry focused projects. Its alumni are placed across industries such as FMCG ...","2014-03-30T23:51:42Z"
"d21a2b1f-43e3-4a69-b065-5fffa350373f","Which emerging markets are beating the developed world in 2014 so far?","http://www.fundweb.co.uk/news-and-analysis/emerging/which-emerging-markets-are-beating-the-developed-world-in-2014-so-far/2008814.fullarticle","Fundweb","MSCI India’s largest constituents include Infosys, Housing Development Finance Corporation, Reliance Industries, Tata Consultancy Services and HDFC Bank.","2014-04-02T23:55:18Z"
"70848ef8-79b1-44b8-9d0f-f3d6c59bcaaf","Free Analysis of Stock Market Tips","http://www.live-pr.com/en/free-analysis-of-stock-market-tips-r1050319424.htm","Live-PR","In the banking space, ICICI Bank was up 0.11 percent at USD 44.32 • HDFC Bank gained 0.85 percent at USD 41.37. • In the other sectors, Tata Motors gained 2.08 percent at USD 36.80 • Dr Reddy’s Laboratories advanced 2.82 percent at USD 45.15.","2014-04-03T08:45:00Z"
"5ece33d0-92c6-46ff-8edd-8b1c958afe6e","Sensex up 0.25 points, ends at 21832.86","http://ibnlive.in.com/news/sensex-up-025-points-ends-at-2183286/458759-7.html","IBN Live","ICICI Bank, HDFC Bank, L&T, BHEL and Tata Steel gained, saving the market from plunging deep into the negative zone. While IT, Teck, Oil and Gas, Realty and power sector indices fell, metal, FMCG, Bank, Capital Goods and Healthcare indices gained.","2014-03-19T11:11:39Z"
"7e444f5b-4db3-46d9-b65f-d59d530e676b","RBI: Give customers a free copy of credit profile","http://news.in.msn.com/business/rbi-give-customers-a-free-copy-of-credit-profile","MSN India","The panel, headed by Aditya Puri, Chairman of HDFC Bank, also recommended use of common data formats and a common data quality index that could assist credit institutions in determining the gaps in data. Low usage of credit information by member ...","2014-03-23T11:49:51Z"
"75729a52-15b8-45ed-9c4c-054ab2ed1807","Country’s newest banks aim divergent growth paths","http://www.ahmedabadmirror.com/article/6/201404032014040320393943771a52c55/Country%E2%80%99s-newest-banks-aim-divergent-growth-paths.html","Ahmedabad Mirror","Country’s banking sector is dominated by public sector banks (PSBs) and two biggest private sector banks -- ICICI and HDFC. ""If every bank were to take the same strategy that ICICI or HDFC have taken in the past, is there an opportunity to make money?","2014-04-03T20:33:41Z"
"760a51db-ce14-4098-aa5b-46b166a81fb8","Reserve Bank of India leaves rates on hold as inflation eases","http://www.dnaindia.com/money/report-reserve-bank-of-india-leaves-rates-on-hold-as-inflation-eases-1974400","Daily News and Analysis","Keki Mistry, vice chairman and CEO of HDFC, said he expects interest rates to ease once inflation ... Chanda Kochhar, MD & CEO of ICICI Bank, in a statement, said, ""The monetary policy statement indicates a continuity of the approach articulated earlier ...","2014-04-02T03:45:33Z"
"b708c14f-d3c2-421b-990c-287a484ca5eb","Nifty ends tad below 6700, rupee gains past 60/$; SBI leads","http://www.domain-b.com/investments/markets/general/20140328_markets.html","Domain-b","SBI, Hindalco, Dr Reddy's Labs, Tata Power and Axis Bank are top gainers in the Sensex. Among the losers are HDFC twins, ITC, HUL and L&T. About 1438 shares have advanced, 1064 shares declined, and 169 shares are unchanged. The rupee is at 8-month high ...","2014-03-28T09:27:55Z"
"49b1956f-69df-44fe-ae63-de0f82126b78","Sensex at fresh record high as RBI keeps rates unchanged","http://ibnlive.in.com/news/sensex-at-fresh-record-high-as-rbi-keeps-rates-unchanged/461706-7.html","IBN Live","The IT sector index gained the most by rising 1.65 per cent to 8,934.45. The consumer durable was second best performer by adding 1.33 per cent to 6,612.63. Axis Bank, HDFC, Dr Reddy's Lab, ONGC, NTPC, Sesa Sterlite and Tata Motors were among major gainers.","2014-04-01T11:17:42Z"
"aed843e1-3441-41b5-922d-7c1fb86fa252","Sensex makes new high, sails past 22,400: top 10 stocks in focus","http://economictimes.indiatimes.com/markets/stocks/stocks-in-news/sensex-makes-new-high-sails-past-22400-top-10-stocks-in-focus/articleshow/33005317.cms","Economic Times","NEW DELHI: The S&P BSE Sensex rallied 128 points in morning trade on Monday to hit its fresh record high of 22,467.21, led by gains in Reliance Industries, L&T, HDFC and State Bank of India. Tracking the momentum, the 50-share Nifty index rose to hit its ...","2014-03-31T04:59:30Z"
"51d38e43-a429-412c-bb02-feb87b6f72c9","Indian rupee surges on hope of political stability","http://au.news.yahoo.com/a/22164384/indian-rupee-surges-on-hope-of-political-stability/","7 News Yahoo","We are seeing a large chunk of outflows from other emerging markets reaching our shores on the expectation of political stability after the elections,"" Ashtosh Raina, head of currency trading at HDFC Bank, told AFP. He said the rupee could strengthen to ...","2014-03-25T07:44:06Z"
"dc5d4c2e-8220-4d5f-a1f0-823c69d5b120","Nifty starts new fiscal on bright note; scales fresh peak","http://freepressjournal.in/nifty-starts-new-fiscal-on-bright-note-scales-fresh-peak/","freepressjournal.in","Laggards included Maruti, Asian Paints, ICICI Bank, Grasim, NMDC, HDFC Bank and PNB. Turnover in the cash segment declined to Rs 13,381.22 crore from Rs 14,874.42 crore yesterday. A total of 7,674.40 lakh shares changed hands in 66,01,696 trades ...","2014-04-01T13:48:02Z"
"eb225494-3a90-4d6c-8e9c-bb1c3cd300f9","Markets Rise to Record Levels for 7th day, Sensex Up 60 Pts","http://news.outlookindia.com/items.aspx?artid=835003","News Outlook India","Hindalco dipped 2.54 per cent, Maruti Suzuki 2.04 per cent, ICICI Bank 1.74 per cent, HDFC Bank 1.44 per cent, BHEL 1.32 per cent, SBI 1.24 per cent, Hero Motocorp 1.07 per cent and Bharti Airtel 1.05 per cent. Of 30 Sensex stocks, 15 scrips ended higher ...","2014-04-01T04:15:22Z"
"5157feda-1322-4103-9d8d-050a86606259","India: The Month That Was - March 2014","http://seekingalpha.com/article/2120523-india-the-month-that-was-march-2014","Seeking Alpha","What a glorious month it has been! The Sensex closed at 22,386, up 5.99% for the month, only to be outdone by the NIFTY which closed at 6,704, up 6.81% for the month. Both the large cap indices were beaten by mid cap indices: the S&P BSE Midcap closed at ...","2014-04-01T12:07:49Z"
"cfdf7346-c361-473e-89c0-ea0a3bd509a4","143 restaurants offer 30% discount to voters on April 30","http://indianexpress.com/article/cities/ludhiana/143-restaurants-offer-30-discount-to-voters-on-april-30/","The Indian Express","These will remain intact till April 30."" State Bank of India, Axis Bank, HDFC, Gulzar group and other companies have volunteered, she added. Some hoardings with hilarious slogans and cartoons will also be visible in the coming days like a boy proposing a ...","2014-04-01T05:26:57Z"
"45abd4af-46aa-4a84-accd-8050257944da","Raghuram Rajan's moves in forex market may keep Indian rupee rise in check","http://www.hispanicbusiness.com/2014/3/21/raghuram_rajan_s_moves_in_forex.htm","Hispanic Business","""The RBI has always been hands-on in the exchange rate market and will likely remain so to curb volatility,"" said Ashish Parthasarthy, head of treasury at HDFC Bank. Currency traders believe the central bank has been buying dollars ...","2014-03-21T11:59:23Z"
"0eec6cb0-6d0a-4f4b-8c54-6097727b4cb0","Asian Markets End Higher","http://news.morningstar.com/articlenet/article.aspx?id=641800","news.morningstar.com","Tata Motors gained 2.6%. SBI was up 2.1% while Cipla and ONGC rose 2% each, respectively. L&T, RIL, ICICI Bank, HDFC, and Tata Power all gained in a range between 1% and 1.9%. The broader market was boosted by the Election Commission’s decision to allow ...","2014-04-02T08:53:21Z"
"47e648cf-5065-4102-9530-69fd6951773e","Banks look to end fiscal on a gold lending high","http://timesofindia.indiatimes.com/business/india-business/Banks-look-to-end-fiscal-on-a-gold-lending-high/articleshow/32225549.cms","Times of India","In a recent email to its customers, HDFC Bank said it was offering zero processing fees and no foreclosure charges for loans availed under its Sampoorna Bharosa gold loan offer, which is on till the end of the month. After retail lending ...","2014-03-18T05:14:55Z"
"a5b176f1-ac4a-4af9-b578-621601d3e3cb","India gold premiums set to fall further","http://news.kuwaittimes.net/india-gold-premiums-set-fall/","Kuwait Times","MUMBAI: Gold premiums in India are expected to fall from current levels of about $30 an ounce after the central bank indicated it is considering removing some of the curbs to trade that have crippled imports. India, the second biggest consumer of gold ...","2014-04-03T17:56:12Z"
"3d04bbf3-1783-468b-b44a-8b0b0f2a6d0e","Markets extend dream run; Sensex, Nifty soar to all-time highs","http://zeenews.india.com/business/news/finance/markets-extend-dream-run-sensex-nifty-soar-to-all-time-highs_97024.html","Zee News","Mumbai: The benchmark indices of BSE and NSE continued their dream run ahead of polls, scaling new all-time highs on strong capital inflows from foreign funds, expectations of RBI keeping key rates unchanged in the next week's policy meet and a ...","2014-03-29T07:25:02Z"
"2746fa87-0801-4403-874b-0c1ec096fe3f","Sensex marks biggest single day fall; rupee strengthens","http://www.gulf-times.com/eco.-bus.%20news/256/details/387110/sensex-marks-biggest-single-day-fall%3B-rupee-strengthens","Gulf Times","India’s BSE index posted its biggest fall in a month, ending down for a second consecutive session and continuing to retreat from the record high hit in the previous session as investors pared positions in blue chips such as Reliance Industries.","2014-04-04T17:19:13Z"
