ID,Title,Url,Source,Description,Date
aa3d1c73-dc80-4d60-aa32-dfb7343fe8fe,"BSE Sensex slips from lifetime peak, FIIs remain bullish",http://news.in.msn.com/business/bse-sensex-slips-from-lifetime-peak-fiis-remain-bullish,MSN India,"followed by Gail India (4.80 per cent), Tata Power (3.53 per cent), HDFC Bank (2.66 per cent), Axis Bank (2.27 per cent) and ICICI Bank (2.26 per cent). Among the S&P BSE sectoral indices, Realty rose by 6.91 per cent, followed by CD (5.71 per cent), Metal ...",2014-04-05T12:17:23Z
a8a6df5f-da52-491e-a5be-1153bad3d243,Sensex slips from new lifetime peak; FIIs remain bullish,http://businesstoday.intoday.in/story/sensex-slips-from-new-lifetime-peak-fiis-remain-bullish/1/204952.html,Business Today,"followed by Gail India (4.80 per cent), Tata Power (3.53 per cent), HDFC Bank (2.66 per cent), Axis Bank (2.27 per cent) and ICICI Bank (2.26 per cent). Among the S&P BSE sectoral indices, Realty rose by 6.91 per cent, followed by CD (5.71 per cent), Metal ...",2014-04-05T13:14:39Z
bf9ceafe-1e8d-4afa-bb17-079ada753b0d,Markets end at record high; time to buy or sell?,https://in.finance.yahoo.com/video/markets-end-record-high-time-140004816.html,Yahoo Finance India,"The S&P BSE Sensex closed at a fresh record high of 22,055.48, led by strong buying in frontline banking stocks such as ICICI Bank, HDFC Bank, and State bank of India. Here’s experts ideas for trading in tomorrow’s markets.",2014-03-24T14:26:09Z
278c987a-416d-4964-b37e-30f93600a75f,Mortgage guarantee,http://www.thehindu.com/todays-paper/tp-features/tp-propertyplus/mortgage-guarantee/article5873425.ece,The Hindu,"In a first-of-its-kind transaction, DHFL has securitised this pool of priority sector housing loans with a Mortgage Guarantee to ICICI Bank. The pool has been rated AAA (SO) by CARE Ltd. This guarantee has enabled DHFL to reduce the level of credit ...",2014-04-05T00:14:24Z
1b2a0fb5-3f16-45b2-bcf9-28df3dfe2cf7,Sensex registers marginal gain during the week,http://www.newkerala.com/news/2014/fullnews-33954.html,New Kerala,The stock had scaled a 52-week high of Rs 962.20 in intraday trade on Thursday. Banks stocks declined. HDFC Bank was down by 2.66 pc and ICICI Bank declined by 2.25 pc. Axis Bank dropped by 2.26 pc. The Reserve Bank of India left key policy rates unchanged ...,2014-04-05T06:40:57Z
1bfb4e36-085f-4100-9f12-c6aa47effc77,Forex reserves surge to $303.67 bn as of March 28: RBI,http://www.moneycontrol.com/news/economy/forex-reserves-surge-to-3630367-bn-asmarch-28-rbi_1064857.html,Money Control,"The Reserve Bank of India had been widely expected to build up its reserves ... by the RBI and repayment of swaps by oil companies,"" said A. Prasanna, economist at ICICI Securities Primary Dealership Ltd. The rupee rose 1.6 percent in the week ended ...",2014-04-05T11:05:48Z
9ee208f4-78da-4040-a3cf-149f4f78af63,Jainco Projects India to hold board meeting,http://www.indiainfoline.com/Markets/News/Jainco-Projects-India-to-hold-board-meeting/5296012568,India Infoline Ltd,"NSE SEBI Registration No. Capital Market:- INB231097537/ INF231097537/ INE231097537, CODE NO: 10975 & TC10975 CM No.: M51058 NSE SEBI Registration No. Derivatives:- INF 231097537 Clearing Member ICICI Bank Ltd. CM-C50006. BSE SEBI Registration No. Capital ...",2014-04-05T13:00:20Z
25c64c0f-5276-49c4-9aff-c6775eb1857a,Sensex ends 149 points down; IT stocks hit,http://www.greaterkashmir.com/news/2014/Apr/5/sensex-ends-149-points-down-it-stocks-hit-23.asp,Greater Kashmir,"In 30-BSE index components 25 stocks declined while five ended with gains. Major losers were Infosys, Tata Consultancy Services, Wipro, Reliance Industries, Bajaj Auto, Bharti Airtel, BHEL, GAIL India, HDFC, ICICI Bank, ITC and Larsen and Toubro.",2014-04-04T18:16:29Z
1f80bea0-257b-4317-a39f-311f15d0250f,The best education loan from banks in India: 6 factors to compare,http://www.rupeetimes.com/article/education_loans/the_best_education_loan_from_banks_in_india_6_factors_to_compare_1155.html,Rupee Times,"However, leading banks in India are more than willing to be a part of your dream. Be it SBI, ICICI bank, HDFC bank, Citibank, Bank of Baroda, AXIS bank and other Govt. and private sector banks, all are lined up to provide an education loan to ...",2014-04-04T23:02:49Z
c29cbe24-940a-4a2c-a29a-8d0e90ad3503,"Nifty falls below 6700; ITC, Reliance, HDFC, ICICI drag",http://www.moneycontrol.com/news/localmarkets/niftyfallsbelow6700;itcreliancehdfcicicidrag_1064297.html,Money Control,"About 1502 shares have advanced, 1132 shares declined, and 135 shares are unchanged. Private banks lost ground again - top private sector lenders ICICI Bank and HDFC Bank dropped 0.4 percent each while rival State Bank of India gained 0.3 percent.",2014-04-04T09:33:56Z
2ba9021a-0971-4884-9f1f-b8a8954298c4,"Sensex down more than 150 pts, set to end on weak note",http://www.sify.com/finance/sensex-down-more-than-150-pts-set-to-end-on-weak-note-news-sensex-oeepnWabeag.html,Sify,"Bajaj Auto, Maruti Suzuki, Wipro, Infosys, Tata Power, HDFC, Reliance Industries, ONGC, ICICI Bank, Axis Bank and Dr Reddy's Laboratories are also trading weak. HCL Technologies, Power Grid Corporation, Asian Paints, United Spirits, Cairn India ...",2014-04-04T07:53:43Z
e612a50e-5dcb-4ec4-8375-adf86c7afde3,Priority lending will be focus: Bandhan,http://news.in.msn.com/business/priority-lending-will-be-focus-bandhan,MSN India,"Kolkata: Priority sector lending, which is viewed by most banks as a high-risk regulatory obligation, will be the focus area for the upcoming Bandhan Bank. The RBI’s priority sector lending mandate includes agriculture, small-scale industries ...",2014-04-05T04:39:15Z
6f183ce7-ccf6-450c-9993-46b0a23e5dee,Sensex drops 149 pts on profit-booking; IT stocks hit,http://www.deccanherald.com/content/396718/sensex-drops-149-pts-profit.html,Deccan Herald,"Major losers were Infosys, Tata Consultancy Services, Wipro, Reliance Industries, Bajaj Auto, Bharti Airtel, BHEL, GAIL India, HDFC, ICICI Bank, ITC and Larsen and Toubro. The auto sector index suffered the most by losing 1 per cent to 13,278.87 followed ...",2014-04-04T10:31:12Z
ebfce9c7-3350-453b-aafd-dc1073e7bfdd,Volvo Penta Signals Commitment to India,http://www.indiainfoline.com/BWNewsWire/Volvo-Penta-Signals-Commitment-to-India/38839,India Infoline Ltd,"NSE SEBI Registration No. Capital Market:- INB231097537/ INF231097537/ INE231097537, CODE NO: 10975 & TC10975 CM No.: M51058 NSE SEBI Registration No. Derivatives:- INF 231097537 Clearing Member ICICI Bank Ltd. CM-C50006. BSE SEBI Registration No. Capital ...",2014-04-05T03:56:18Z
e5b8f4d3-041e-4cfd-b582-5558a69b071b,Markets blink in face of US job data,http://www.rediff.com/business/slide-show/slide-show-1-how-the-markets-fared-on-apr-4/20140404.htm,Rediff India Abroad,"Index heavyweights, Reliance Industries, Infosys, ICICI Bank and ITC were down 0.4-0.8%. The market breadth was positive in an otherwise weak market on BSE. 1,649 stocks advanced while 1,135 stocks declined. Shares of sugar manufacturer rallied ...",2014-04-04T10:59:50Z
b6072209-2e27-415b-aad8-fa1a59a8f976,"Sensex down over 100 pts on global cues; IT, pharma stocks edge higher",http://www.sify.com/finance/sensex-down-over-100-pts-on-global-cues-it-pharma-stocks-edge-higher-news-sensex-oeejV2ijafi.html,Sify,"GAIL India is down more than 2.5 at Rs 358. ONGC is down by about 2.2% at Rs 319. ICICI Bank, Larsen & Toubro, Axis Bank, State Bank of India, Coal India and BHEL are down 1% - 1.5%. HDFC Bank, Hero Motocorp, Mahindra & Mahindra, Bajaj Auto ...",2014-04-04T03:07:23Z
d3c27116-0e92-428b-b76b-6dd5671c93c3,Markets blink in face of US job data,http://www.rediff.com/business/slide-show/slide-show-1-how-the-markets-fared-on-apr-4/20140404.htm,Rediff India Abroad,"Index heavyweights, Reliance Industries, Infosys, ICICI Bank and ITC were down 0.4-0.8%. The market breadth was positive in an otherwise weak market on BSE. 1,649 stocks advanced while 1,135 stocks declined. Shares of sugar manufacturer rallied ...",2014-04-04T10:59:50Z
bdb24339-b193-4545-a751-f1f7d08e3e24,Sensex drops 102 points on profit-taking,http://www.hindustantimes.com/business-news/sensex-nifty-bse-nse-stock-market-economy-business/article1-1204051.aspx,Hindustan Times,"Major losers were - GAIL 2.40%, ONGC 1.78%, Coal India 1.42%, Larsen 1.29%, BHEL 1.15%, ICICI Bank 1.15%, SBI 1.00% and Bajaj Auto 1.00%. Most Asian stocks declined in their early trade as investors await data on US jobs growth later today. Key benchmark ...",2014-04-04T06:56:27Z
34a8b580-144b-4ed2-8602-e52b58c551d3,Sensex drops 149 points on profit-booking; IT stocks hit,http://post.jagran.com/sensex-drops-149-points-on-profitbooking-it-stocks-hit-1396612166,Post,"Major losers were Infosys, Tata Consultancy Services, Wipro, Reliance Industries, Bajaj Auto, Bharti Airtel, BHEL, GAIL India, HDFC, ICICI Bank, ITC and Larsen and Toubro. The auto sector index suffered the most by losing 1 percent to 13,278.87 followed by ...",2014-04-04T10:24:02Z
9a59b35c-a2eb-477f-9c56-de76035b210c,Increase in credit card base,http://www.rupeetimes.com/news/credit_cards/increase_in_credit_card_base_9234.html,Rupee Times,"After that ICICI bank is there with 3.1 million cards and SBI ranked at third position with 2.8 million cards. The average number of credit card transactions per card per year was around 25, while the average spends were Rs 2,900.",2014-04-04T05:09:04Z
bb68fca4-a831-49f9-b1da-0f5662c52287,MF assets cross R9-lakh-cr mark in Q4,http://www.financialexpress.com/news/mf-assets-cross-r9lakhcr-mark-in-q4/1238455,Financial Express,"A high interest rate scenario, led by the Reserve Bank of India’s (RBI) monetary tightening measures since July 2013, also prompted investors to lock their investments at higher yields in these closed-ended funds,"" said a Crisil Research report.",2014-04-04T20:03:52Z
40a3402a-9a0b-4475-a2d2-116cf5dc4a61,"Sensex retreats from record highs, PSU banks fall",http://profit.ndtv.com/news/market/article-sensex-retreats-from-record-highs-psu-banks-fall-384624,NDTV,"while Bank of Baroda lost 2.3 percent. Other blue chips were hit by profit-taking. Reliance Industries Ltd lost 0.6 per cent, while ICICI Bank Ltd ended down 0.8 per cent. IDFC Ltd ended 2.3 per cent down on worries regulatory requirements for ...",2014-04-03T08:59:19Z
d4eee7bb-1625-45e4-b54e-2726a7e52582,Forex reserves post highest weekly rise in four months,http://in.reuters.com/article/2014/04/04/india-forex-reserves-rbi-idINDEEA3307N20140404?type=economicNews,Reuters Group PLC,"Prasanna, economist at ICICI Securities Primary Dealership Ltd. The rupee ... in an interview with the Mint newspaper published on Thursday that the central bank considered 55 to the dollar too strong a level, considering factors like inflation ...",2014-04-04T12:11:25Z
b22e383c-f3cd-408f-8285-896defa74baf,Indian shares retreat from record highs; state-run banks slump,http://in.reuters.com/article/2014/04/03/markets-india-shares-close-idINL4N0MV25W20140403,Reuters Group PLC,"while Bank of Baroda lost 2.3 percent. Other blue chips were hit by profit-taking. Reliance Industries Ltd lost 0.6 percent, while ICICI Bank Ltd ended down 0.8 percent. Larsen & Toubro Ltd also fell 0.8 percent after the Economic Times ...",2014-04-03T11:08:10Z
bf9145ae-9f4d-4c6f-b369-2d2fb541e6ca,Shriram City Union Finance floats secured NCD,http://www.cafemutual.com/News/Shriram-City-Union-Finance-floats-secured-NCD~3073~New~Industry~21,cafemutual.com,"Investors can also apply in physical mode. However, for NRIs, the issue is only available in dematerialized form. Lead managers: ICICI Securities and AK Capital Services. Lead brokers: A.K. Stockmart, Axis Capital, Edelweiss Broking, HDFC Securities ...",2014-04-04T05:59:11Z
82d65f7c-499b-459a-ad0d-b81cf3b95a83,"IDFC, Bandhan plot different growth strategies",http://www.vccircle.com/news/banking/2014/04/03/idfc-bandhan-plot-different-growth-strategies,VC Circle,"The banking sector is dominated by state banks and ICICI Bank and HDFC Bank, the country's two biggest private sector lenders. ""If every bank were to take the same strategy that ICICI or HDFC have taken in the past, is there an opportunity to ...",2014-04-03T14:35:46Z
bc0f34b5-0d7f-4068-abe1-5b7a1bfc5735,HDFC Bank market share in credit card business down 5%: Atos report,http://articles.economictimes.indiatimes.com/2014-04-03/news/48834966_1_market-share-private-sector-banks-credit-card-space,The Economic Times,"MUMBAI: Market share of HDFC Bank in credit card space has fallen by 5% while share of its peers State Bank of India, ICICI Bank and Axis Bank rose 2% each in fiscal 2013-14, says a report released by Worldline India, a subsidiary of European ...",2014-04-03T14:57:14Z
5afbaf58-1599-47ec-9ad0-e6a98cb5487b,Post-election showdown looms for RBI Governor Raghuram Rajan,http://www.ndtv.com/elections/article/election-2014/post-election-showdown-looms-for-rbi-governor-raghuram-rajan-504220,NDTV,"Prasanna, an economist at ICICI Securities Primary Dealership Ltd in Mumbai ... Yet his autonomy as central bank governor is more circumscribed than that of his counterparts in the West, who are typically nominated by the government but also ...",2014-04-04T03:21:42Z
fa51196f-5e75-420e-9850-f26cb66524e1,Sensex down 42 points,http://www.thehindubusinessline.com/markets/sensex-down-42-points/article5865885.ece,The Hindu Business Line,"Some of the banks that closed in the red include ICICI Bank, IndusInd Bank, Yes Bank, Federal Bank, Kotak Mahindra Bank and HDFC Bank, Axis Bank, State Bank of India, Canara Bank, Union Bank of India, Bank of India and Bank of Baroda. Punjab National Bank ...",2014-04-03T07:54:54Z
49edac00-2a9b-453b-b361-c0f3a6076bee,Country’s newest banks aim divergent growth paths,http://www.ahmedabadmirror.com/article/6/201404032014040320393943771a52c55/Country%E2%80%99s-newest-banks-aim-divergent-growth-paths.html,Ahmedabad Mirror,"Country’s banking sector is dominated by public sector banks (PSBs) and two biggest private sector banks -- ICICI and HDFC. ""If every bank were to take the same strategy that ICICI or HDFC have taken in the past, is there an opportunity to make money?",2014-04-03T20:33:41Z
b06008a6-c452-4ad6-a1c1-a2b9aa7c62ac,National Housing Bank seeks to allow lenders to get 90% property value as home loan,http://articles.economictimes.indiatimes.com/2014-04-03/news/48834866_1_india-mortgage-guarantee-corporation-home-loan-loan-size,The Economic Times,"Each loan is below Rs 25 lakh, falling in the priority sector category. DHFL is said to have sold the portfolio to India's largest private sector lender ICICI Bank after taking 30% (of loan size) mortgage-backed guarantee from India Mortgage ...",2014-04-03T14:50:05Z
1339e21e-5762-4463-8952-3f21fd0267df,Country’s newest banks aim divergent growth paths,http://www.ahmedabadmirror.com/article/6/201404032014040320393943771a52c55/Country%E2%80%99s-newest-banks-aim-divergent-growth-paths.html,Ahmedabad Mirror,"Country’s banking sector is dominated by public sector banks (PSBs) and two biggest private sector banks -- ICICI and HDFC. ""If every bank were to take the same strategy that ICICI or HDFC have taken in the past, is there an opportunity to make money?",2014-04-03T20:33:41Z
1fdd0a33-e19d-4c31-a02e-12c83c6bd527,Raghuram Rajan could be under pressure if Narendra Modi wins,http://zeenews.india.com/news/general-elections-2014/industry-view/raghuram-rajan-could-be-under-pressure-if-narendra-modi-wins_922202.html,Zee News,"Prasanna, an economist at ICICI Securities Primary Dealership Ltd in Mumbai ... Yet his autonomy as central bank governor is more circumscribed than that of his counterparts in the West, who are typically nominated by the government but also ...",2014-04-04T03:21:42Z
ab464f2b-35e2-476e-862f-92757428ab0a,Gaja Capital Partners,http://economictimes.indiatimes.com/topic/Gaja-Capital-Partners,Economic Times,"Those scouting for fresh talent include firms such as Sequoia Capital India, Tata Capital Growth Fund, Gaja Capital Partners, ICICI Venture and Partners Group. Charterhouse in the lead to buy Skillsoft: Reports ET European buyout firm Charterhouse Capital ...",2014-04-04T03:57:29Z
bc8a24fe-0b2d-412e-8a00-e355f46b9c2e,Amfi approaches Sebi for relook at net-worth norm,http://www.financialexpress.com/news/amfi-approaches-sebi-for-relook-at-networth-norm/1238161,Financial Express,"Maruti Suzuki deal: Mutual fund houses to approach Sebi over stand-off Smart Money: IDBI Mutual Fund’s new diversified equity scheme Liquid, short-term funds look attractive, says UTI Mutual Fund Mutual funds asset base rises, ICICI Prudential MF joins ...",2014-04-03T20:19:22Z
37a038d4-25e0-49d0-bdd6-ae99456c7594,"Nifty ends above 6700; SBI loses 2 pc, pharma outperforms",http://ibnlive.in.com/news/nifty-ends-above-6700-sbi-loses-2-pc-pharma-outperforms/462186-7.html,IBN Live,BSE Bankex fell more than a percent as top lender State Bank of India and its rival Axis Bank plunged 2 percent each. ICICI Bank was down 0.6 percent. Engineering and construction major L&T trimmed losses in late trade after the management clarified about ...,2014-04-03T11:22:29Z
7c15c329-96f5-4d75-8d3e-b7bcd5a38bea,Sensex falls on profit-taking,http://week.manoramaonline.com/cgi-bin/MMOnline.dll/portal/ep/theWeekContent.do?programId=1073754899&contentId=16532735,The Week,"Among blue chips, Reliance Industries Ltd and ICICI Bank Ltd fall 1 per cent each. Larsen & Toubro Ltd falls 3.5 per cent after a financial daily reported India's biggest engineering firm, was going to trim its 1.7 trillion rupees order book by ...",2014-04-03T10:39:32Z
3268e48f-8604-44b2-81a2-34092b40eb18,Mutual Funds’ average assets surge to record high,http://timesofindia.indiatimes.com/business/mf-simplified/Mutual-Funds-average-assets-surge-to-record-high/articleshow/33152792.cms,Times of India,"There is, however, a change in the pecking order among top fund houses. ICICI Prudential MF has replaced Reliance MF as the second largest fund house during the quarter. The average AUM of ICICI Prudential jumped 21.6% y-o-y to 1,06,821.9 crore.",2014-04-03T05:17:25Z
1c08f26f-ccda-4519-8041-8cf8dfd6374b,Post-election showdown looms for RBI Governor,http://post.jagran.com/postelection-showdown-looms-for-rbi-governor-1396587349,Post,"New Delhi: Reserve Bank of India (RBI) Governor Raghuram Rajan is likely to ... the Governor immediately after forming the government,"" A Prasanna, an economist at ICICI Securities Primary Dealership Ltd in Mumbai, said. BJP treasurer Piyush Goyal ...",2014-04-04T03:14:32Z
847fb5c2-255c-408f-b48a-d96ebef81d3b,"Sensex slips 150 points; auto, capital goods lose",http://www.newstrackindia.com/newsdetails/2014/04/04/152--Sensex-slips-150-points-auto-capital-goods-lose-.html,Newstrack India,"The major Sensex gainers were: Cipla, up 1.98 percent at Rs.404.10; Tata Steel, up 0.84 percent at Rs.401.90; State Bank of India (SBI), up 0.47 percent at Rs.1,904.25; Hindalco Inds, up 0.44 percent at Rs.137.65; and Coal India, up 0.41 percent ...",2014-04-04T11:35:37Z
a3dd19d2-b8c3-4911-90b9-e624c352c257,IDFC: now comes the hard part,http://www.livemint.com/Money/J9Hj409abmmueVDp0bgR3O/IDFC-now-comes-the-hard-part.html,Live Mint,IDFC Ltd’s transition to a bank will be painful. Having to meet the cash reserve ratio (CRR) and statutory liquidity ratio (SLR) requirements and ensuring that 40% of its loans go to the priority sector will lead to a decline in return ratios.,2014-04-03T11:43:58Z
1507cc5d-8a44-4f9a-be74-e1f0d575f705,Sensex Ends 6-Day Rally On Profit Booking; Closes Down 42 Pts,http://www.siliconindia.com/finance/news/Sensex-Ends-6Day-Rally-On-Profit-Booking-Closes-Down-42-Pts--nid-164165.html,Silicon India,"In 30-BSE index components, 17 stocks declined led by Reliance Industries, ICICI Bank, Axis Bank, State Bank of India, HDFC Bank, Bajaj Auto, Bharti Airtel and BHEL. Market supporters were Infosys, Cipla, Dr Reddy's Lab., Hindustan Unilever, Maruti Suzuki ...",2014-04-03T11:51:07Z
fd6947bb-de01-4452-b001-5bea7f787d84,"Post-Modi win, RBI governor Raghuram Rajan could be in trouble",http://www.firstpost.com/politics/post-modi-win-rbi-governor-raghuram-rajan-could-be-in-trouble-1465417.html,Firstpost,"Prasanna, an economist at ICICI Securities Primary Dealership Ltd in Mumbai ... Yet his autonomy as central bank governor is more circumscribed than that of his counterparts in the West, who are typically nominated by the government but also accountable ...",2014-04-04T02:45:54Z
c61b7481-c697-4c7f-88c0-d549dce72523,Banking nod will help boost IDFC’s ‘credit profile’,http://www.thehindubusinessline.com/industry-and-economy/banking/banking-nod-will-help-boost-idfcs-credit-profile/article5868208.ece,The Hindu Business Line,"Reserve Bank of India’s in-principle approval of a bank licence ... new borrowers/loan products in which it has little experience. Retail business Meanwhile, ICICI Securities (I-Sec), said IDFC is not likely to be very retail focused.",2014-04-03T16:44:37Z
29dfbf00-d96d-47d4-b346-413c66b19a81,Indian ADRs surge; MTNL up 10.09%,http://www.newindianexpress.com/business/market_commentary/Indian-ADRs-surge-MTNL-up-10.09/2014/04/03/article2146943.ece,The New Indian Express,"In banking space HDFC Bank and ICICI Bank went up 0.85% and 0.11% respectively. In IT space Infosys and Wipro went up 0.85% and 0.36% respectively. ADR Watch - Apr 2, 2014 Indian ADRs USD($) % Gain/(Loss) Mahanagar Telephone Nigam 0.49 10.09 Dr ...",2014-04-03T01:06:53Z
e8c6aab7-6f78-4f79-ba8e-5b0a4c477d53,Banking nod will help boost IDFC’s ‘credit profile’,http://www.thehindubusinessline.com/industry-and-economy/banking/banking-nod-will-help-boost-idfcs-credit-profile/article5868208.ece,The Hindu Business Line,"Reserve Bank of India’s in-principle approval of a bank licence ... new borrowers/loan products in which it has little experience. Retail business Meanwhile, ICICI Securities (I-Sec), said IDFC is not likely to be very retail focused.",2014-04-03T16:44:37Z
8ec47d1c-7b36-4bff-82bd-89dc0de27703,Indian ADRs surge; MTNL up 10.09%,http://www.newindianexpress.com/business/market_commentary/Indian-ADRs-surge-MTNL-up-10.09/2014/04/03/article2146943.ece,The New Indian Express,"In banking space HDFC Bank and ICICI Bank went up 0.85% and 0.11% respectively. In IT space Infosys and Wipro went up 0.85% and 0.36% respectively. ADR Watch - Apr 2, 2014 Indian ADRs USD($) % Gain/(Loss) Mahanagar Telephone Nigam 0.49 10.09 Dr ...",2014-04-03T01:06:53Z
85dec4bb-991c-438d-8951-6f49d1b6929c,HDFC mutual fund retains top slot; ICICI Pru catches up,https://in.finance.yahoo.com/news/hdfc-mutual-fund-retains-top-102219183.html,Yahoo Finance India,"New Delhi, April 2 (IANS) ICICI Prudential Mutual Fund is set to beat HDFC Mutual Fund for the top slot on the back of a strong 22 percent growth in its average asset under management in the January-March quarter, according to data released Tuesday by the ...",2014-04-02T10:19:15Z
df560090-57fd-4b93-b6be-367627cef415,DHFL becomes India's first lending institution to take up Mortgage Guarantee,http://www.equitybulls.com/admin/news2006/news_det.asp?id=135836,Equity Bulls,"In a first-of-its-kind transaction, DHFL has securitized this pool of priority sector housing loans with a Mortgage Guarantee to ICICI Bank Ltd. The pool has been rated AAA (SO) by CARE Ltd. This guarantee has enabled DHFL to reduce the level of ...",2014-04-02T16:45:48Z
7bb53da9-1e30-4c87-9c5e-8b893b612ebf,FMP is unclear to investors: Our Online Survey Results,http://www.moneylife.in/article/fmp-is-unclear-to-investors-our-online-survey-results/36609.html,Moneylife,Their main reasons for investing in FMPs are: returns are higher than bank FDs (36%) and they save tax on the returns (36%). One out of 10 respondents was not sure about how FMPs save tax. Some 17% of the respondents are worried about the safety of capital ...,2014-04-03T15:47:21Z
74487db1-e1c7-4d07-8ce8-16ce1a3d2a2a,"JAGANNATH INTERNATIONAL MANAGEMENT SCHOOL, DELHI",http://www.mbauniverse.com/admissions/institute_profile1.php?institute_id=312,MBA Universe,"FMS,MDI, IMI ,SRCC besides corporate houses like Pricewaterhouse Coopers, AIMA, Microsoft, ICICI, UTI Bank to name a few.",2014-04-02T11:02:12Z
b5b885c4-83ba-4ac8-aa87-5b86b79d503f,Ratnagiri Gas-Mahavitaran dispute intensifies,http://economictimes.indiatimes.com/industry/energy/oil-gas/ratnagiri-gas-mahavitaran-dispute-intensifies/articleshow/33132376.cms,Economic Times,"RGPPL has borrowed around Rs 8,500 crore from various banks, including SBI, ICICI Bank, IDBI Bank and Canara Bank, and has to pay Rs 108 crore every month towards interest. Though RGPPL claims over Rs 1,450 crore from Mahavitaran, the state utility ...",2014-04-02T11:09:22Z
cbcc2844-687e-461a-8607-dd37673c0113,"Sensex Ends Above 22,500-Level to Set New High",http://news.outlookindia.com/items.aspx?artid=835197,News Outlook India,"State-run SBI gained 2.06 per cent, ICICI Bank 1.53 per cent and HDFC 1.09 per cent. Bharti Airtel at 3.34 per cent was the day's biggest gainer, followed by Tata Motor at 2.62 per cent. Cipla was 2.00 per cent, ONGC 1.96 per cent, Larsen 1.85 per cent ...",2014-04-02T04:28:30Z
8d0a1715-1402-4407-b670-6b46b55b0247,Markets: 10 hits in a row; Sensex up over 100 points,http://www.rediff.com/business/slide-show/slide-show-1-how-the-markets-fared-on-apr-2/20140402.htm,Rediff India Abroad,"Heavyweights such as Reliance Industries, Tata Motors, ICICI Bank, Larsen & Toubro and Bharti Airtel collectively lifted the benchmark Sensex 109 points higher while losses in ITC and HDFC Bank capped the gains. Meanwhile, foreigners' betting on ...",2014-04-02T03:59:52Z
50021498-69c8-4208-8264-856778355074,"Bandhan, IDFC get nod for banking",http://www.thestatesman.net/news/47378-bandhan-idfc-get-nod-for-banking.html,The Statesman,The Reserve Bank of India today granted in-principle approval to IDFC and Bandhan Financial Services to set up banks in accordance with the guidelines issued by it early last year. The development comes a day after the Election Commission permitted it to ...,2014-04-02T19:51:55Z
78bb46cc-8c10-47ec-a697-5a14e32a62b2,Banks should not levy penal charges for non-maintenance of minimum Balance: RBI,http://www.jagranjosh.com/current-affairs/banks-should-not-levy-penal-charges-for-nonmaintenance-of-minimum-balance-rbi-1396432796-1,Jagran Josh,"For instance, State Bank of India does not levy any charge for non maintenance of the minimum balance in the savings account. Whereas, AXIS, ICICI and HDFC Bank charge 750 rupees per quarter in case of non maintenance of minimum 100000 rupees in urban ...",2014-04-02T09:21:59Z
e09b1225-7148-4767-bbdb-e79d5d7f7e9d,"Sensex, Nifty rise for sixth day as foreign funds pour in",http://ibnlive.in.com/news/sensex-nifty-rise-for-sixth-day-as-foreign-funds-pour-in/461937-7.html,IBN Live,"The Nifty rose by 31.50 points, or 0.47 per cent, to record closing high of 6,752.55. Gains in Reliance Industries (1.68 per cent), ICICI Bank (1.53 per cent) and Tata Motors (2.62 per cent) helped Sensex scale another peak, brokers said. The upsurge was ...",2014-04-02T11:30:50Z
149f3e44-82c4-4a87-ae84-ce0872790ff5,"IDFC, Bandhan Financial get banking licences",http://www.daijiworld.com/news/news_disp.asp?n_id=226696,Daijiworld,"Mumbai, April 2 (IANS): The Reserve Bank of India (RBI) Wednesday granted ""in-principle"" approval to IDFC Limited and Bandhan Financial Services Private Limited to set up new banks, with some big guns failing to make the cut. As many as 27 companies ...",2014-04-02T14:08:19Z
544f7978-60b7-400a-9533-cf5e5ccf8892,"Nifty ends above 6750 levels gains for Oil, Banking stocks",http://www.commodityonline.com/news/nifty-ends-above-6750-levels;-gains-for-oil-banking-stocks-58414-3-58415.html,Commodity Online,"From the Nifty weight perspective, key gainers were Reliance Industries Ltd (NSE: RELIANCE), Housing Development Finance Corporation Ltd (NSE: HDFC) and ICICI Bank Ltd (NSE: ICICIBANK) while key losers were ITC Ltd (NSE: ITC), HDFC Bank Ltd (NSE ...",2014-04-02T10:12:06Z
1646d657-a646-4f65-a953-c28ea95fbecd,"Sensex touches new life high above 22,500",http://www.mydigitalfc.com/stock-market/sensex-touches-new-life-high-above-22500-376,Mydigital Financial Chronicle,"IDFC Ltd surges 4.3 percent and LIC Housing Finance is up 2.6 percent Among blue chip stocks, ICICI Bank Ltd gains 1.6 percent, while Tata Motors Ltd is up 1.2 percent. Overseas investors bought Indian shares worth 3.85 billion rupees on Tuesday ...",2014-04-02T04:07:01Z
d0b323da-f470-4eaa-9a17-395bd35c0875,"Nifty ends above 6750 levels gains for Oil, Banking stocks",http://www.commodityonline.com/news/nifty-ends-above-6750-levels;-gains-for-oil-banking-stocks-58414-3-58415.html,Commodity Online,"From the Nifty weight perspective, key gainers were Reliance Industries Ltd (NSE: RELIANCE), Housing Development Finance Corporation Ltd (NSE: HDFC) and ICICI Bank Ltd (NSE: ICICIBANK) while key losers were ITC Ltd (NSE: ITC), HDFC Bank Ltd (NSE ...",2014-04-02T10:12:06Z
8fab446e-a36d-4bf0-95a3-deeb29ca6cb3,"Sensex touches new life high above 22,500",http://www.mydigitalfc.com/stock-market/sensex-touches-new-life-high-above-22500-376,Mydigital Financial Chronicle,"IDFC Ltd surges 4.3 percent and LIC Housing Finance is up 2.6 percent Among blue chip stocks, ICICI Bank Ltd gains 1.6 percent, while Tata Motors Ltd is up 1.2 percent. Overseas investors bought Indian shares worth 3.85 billion rupees on Tuesday ...",2014-04-02T04:07:01Z
c982d813-0b2e-4a9d-aa5c-de8c28f8b000,"Sensex, Nifty touch record highs, close flat",http://www.smetimes.in/smetimes/news/indian-economy-news/2014/Apr/01/stock-markets630839.html,SME Times,"998.05. The main losers were: Hindalco Inds, down 2.54 percent at Rs.138.10; Maruti Suzuki, down 2.04 percent at Rs.1,931.15; ICICI Bank, down 1.74 points at Rs.1,223.80; HDFC Bank, down 1.44 points at Rs.738.10; and BHEL, down 1.32 percent at 194.20.",2014-04-01T04:51:09Z
e4e86e40-4c3e-4984-b3f9-c5b0405285ae,Sensex records another high at close,http://www.saharasamay.com/business-news/676550872/bse-benchmark-index-sensex-bse-index-sensex-national-stock-excha.html,SaharaSamay,"Gains in Reliance Industries (1.68 per cent), ICICI Bank (1.53 per cent) and Tata Motors (2.62 per cent) helped Sensex scale another peak, brokers said. The upsurge was also backed by drugmakers and financial companies following the election commission ...",2014-04-02T05:04:17Z
313d05ee-d547-4382-993e-6f86e1e0b2d1,RBI fixes Reference rate for USD and Euro,http://www.indlawnews.com/NewsDisplay.aspx?6ba5c60d-5ef4-467b-86a3-5895d14b225d,indlawnews.com,"2.4.2014 (UNI) The Reserve Bank of India (RBI) today fixed the rupee reference rate at 59.6463 against the Dollar, down by 45.35 paise over the previous rate of 60.1295. The Reference rate of Euro was fixed at 82.3920, down by 39.20 paise over its previous ...",2014-04-02T13:32:32Z
6bd45fcd-3fdf-4970-9e2d-e34575a80a9c,A life insurance agent sold an average of 18 policies in FY 2012-13: IRDA,http://www.cafemutual.com/News/A-life-insurance-agent-sold-an-average-of-18-policies-in-FY-2012-13-IRDA~3068~New~Insurance~25,cafemutual.com,"Surprisingly, agents of small sized insurers like Edelweiss Tokyo and India First sold eight and seven policies respectively in previous fiscal compared to an average of only two policies of large players like ICICI Prudential Life and four policies of ...",2014-04-02T05:54:24Z
c09ac5ee-1591-4327-baff-9bb85f61e375,Nifty starts new fiscal on bright note; scales fresh peak,http://freepressjournal.in/nifty-starts-new-fiscal-on-bright-note-scales-fresh-peak/,freepressjournal.in,"Other top gainers were Bank of Baroda, HCL, TCS, M&M, Tata Steel, Sesa Sterlite and NTPC. Laggards included Maruti, Asian Paints, ICICI Bank, Grasim, NMDC, HDFC Bank and PNB. Turnover in the cash segment declined to Rs 13,381.22 crore from Rs 14,874.42 ...",2014-04-01T13:48:02Z
7949741e-ddd6-4320-a794-0c4fc71c96bf,EC nod for RBI to issue new bank licences (Lead),http://news.webindia123.com/news/articles/Business/20140401/2367929.html,Webindia 123,"The Election Commission Tuesday allowed the Reserve Bank of India (RBI) to issue new bank licences before the completion of general elections next month. ""The commission is of the view that Reserve Bank of India may take necessary action as ...",2014-04-01T14:23:49Z
659ccbaf-009d-42ee-86f0-5efed43b5c56,Samsung Brings In Easy EMIs For Its GALAXY Tab 3 Range,http://www.techtree.com/content/news/5845/samsung-brings-easy-emis-galaxy-tab-3-range.html,Techtree,"Buyers can also go in for the scheme via their credit cards from participating banks such as HDFC Bank, ICICI Bank, Citibank, SBI, Axis Bank, Kotak and Standard Chartered availing an 18 month EMI scheme; but with some added interest rates. Similar to ...",2014-04-01T13:12:14Z
aa1a7c9a-340f-4290-99fa-f2c81abb1438,RBI keeps key rates unchanged,http://www.thestatesman.net/news/47215-rbi-keeps-key-rates-unchanged.html,The Statesman,"Interest rates on bank loans are likely to remain unchanged after the Reserve Bank today maintained status quo on key policy rates. The RBI, in its first bi-monthly monetary policy statement, left the short-term lending rate, or repo rate, unchanged at 8 ...",2014-04-01T20:07:25Z
ca5235ec-5c40-44b4-8c08-47b9e7229682,Rupee surrenders gains on dollar selling by exporters,http://businesstoday.intoday.in/story/indian-rupee-against-us-dollar-exchange-rate-new-highs-apr2/1/204821.html,Business Today,"The central bank was heard to be paying on the forward, probably unwinding some of the forward sales it had contracted last year. As a result, the 12-month forward is quoting at 513/516 paise, highest level since mid-August of last year,"" said Anindya ...",2014-04-02T04:35:39Z
a26a248c-4dde-44f0-a234-9d7686f36389,Don't levy penalty on savings account: RBI to banks,http://profit.ndtv.com/news/your-money/article-dont-levy-penalty-on-savings-account-rbi-to-banks-384370,NDTV,"The Reserve Bank of India has asked banks not to levy penalty on non-maintenance of minimum balance in ordinary savings bank accounts and instead limit the services. ""Instead of levying penal charges for non-maintenance of minimum balance in ...",2014-04-01T07:14:19Z
f255b1f0-cb06-439e-8f5b-336ead1e8bb8,P Chidambaram clarifies on TOI report,http://timesofindia.indiatimes.com/city/chennai/P-Chidambaram-clarifies-on-TOI-report/articleshow/33047258.cms,Times of India,"Garment units; 9. Spices park; 10. Coir cluster with common facilities. Our correspondent replies: Eriyur has a State of Bank of India branch, an ICICI Bank branch and an Agricultural Cooperative Bank. On the fourth one, I went by Congress ...",2014-04-01T01:09:15Z
5b15c486-c72d-474c-8413-af6a2397b3a6,Issuing bank licences has nothing to do with politics: RBI,http://news.webindia123.com/news/articles/Business/20140401/2367599.html,Webindia 123,"The granting of new bank licences has no link with politics and the process is purely economic and regulatory, Reserve Bank of India Governor Raghuram Rajan said Tuesday. ""This (issue of bank licence) is not in any way a political process ...",2014-04-01T07:57:16Z
2bb8efd0-2509-4595-9474-06220d376c9e,"Market ends with muted gain, RBI policy remains non event",http://www.commodityonline.com/news/market-ends-with-muted-gain-rbi-policy-remains-non-event-58395-3-58396.html,Commodity Online,"From the Nifty weight perspective, key gainers were Tata Consultancy Services Ltd (NSE: TCS), Reliance Industries Ltd (NSE: RELIANCE) and Infosys Ltd (NSE: INFY) while key losers were ICICI Bank Ltd (NSE: ICICIBANK), HDFC Bank Ltd (NSE: HDFCBANK ...",2014-04-01T10:06:07Z
effb279f-6133-4195-a6d1-83866cbe698e,Don't levy penalty on savings account: RBI to banks,http://profit.ndtv.com/news/your-money/article-dont-levy-penalty-on-savings-account-rbi-to-banks-384370,NDTV,"The Reserve Bank of India has asked banks not to levy penalty on non-maintenance of minimum balance in ordinary savings bank accounts and instead limit the services. ""Instead of levying penal charges for non-maintenance of minimum balance in ...",2014-04-01T07:14:19Z
3f0626d1-4cc2-4f60-834b-aaf24667a6e1,P Chidambaram clarifies on TOI report,http://timesofindia.indiatimes.com/city/chennai/P-Chidambaram-clarifies-on-TOI-report/articleshow/33047258.cms,Times of India,"Garment units; 9. Spices park; 10. Coir cluster with common facilities. Our correspondent replies: Eriyur has a State of Bank of India branch, an ICICI Bank branch and an Agricultural Cooperative Bank. On the fourth one, I went by Congress ...",2014-04-01T01:09:15Z
ce5d813a-94a1-4764-bda3-a8052de5da79,Issuing bank licences has nothing to do with politics: RBI,http://news.webindia123.com/news/articles/Business/20140401/2367599.html,Webindia 123,"The granting of new bank licences has no link with politics and the process is purely economic and regulatory, Reserve Bank of India Governor Raghuram Rajan said Tuesday. ""This (issue of bank licence) is not in any way a political process ...",2014-04-01T07:57:16Z
aeefbf62-c08a-401b-a82e-bcb18b8190c8,"Market ends with muted gain, RBI policy remains non event",http://www.commodityonline.com/news/market-ends-with-muted-gain-rbi-policy-remains-non-event-58395-3-58396.html,Commodity Online,"From the Nifty weight perspective, key gainers were Tata Consultancy Services Ltd (NSE: TCS), Reliance Industries Ltd (NSE: RELIANCE) and Infosys Ltd (NSE: INFY) while key losers were ICICI Bank Ltd (NSE: ICICIBANK), HDFC Bank Ltd (NSE: HDFCBANK ...",2014-04-01T10:20:26Z
5b8e5aad-7366-42bd-bf08-67485d54ea8a,ABG Shipyard's INR 11000 crore debt recast plan cleared,http://www.steelguru.com/indian_news/ABG_Shipyards_INR_11000_crore_debt_recast_plan_cleared/335871.html,SteelGuru,"This includes INR 2,000 crore of term loans, INR 7,700 crore of working capital loans and INR 1,800 crore of fresh working capital loan extended by the consortium led by ICICI Bank. The deal got delayed as lenders were not satisfied with the guarantee the ...",2014-04-01T03:03:47Z
ea36a787-a4d8-4b19-9b49-0a96f450c100,India Value Fund Advisors promotes three executives as partners,http://www.vccircle.com/news/alternative-investment/2014/04/01/india-value-fund-advisors-promotes-three-executives-partners,VC Circle,"Prior to IVFA, he worked with Yes Bank, ICICI Bank and Kirloskar Oil Engines. Bhargava joined IVFA in 2008 and is involved in managing IVFA investments in varied industries, including construction materials, logistics and digital media.",2014-04-01T06:17:03Z
df9e7623-3632-4971-906c-bb2b6f93c4de,ADB projects 6.2% growth for Asia in CY14,http://www.dailypioneer.com/business/adb-projects-62-growth-for-asia-in-cy14.html,The Pioneer,"Asian Development Bank (ADB) on Tuesday projected a steady economic growth of 6.2 per cent for Asia in calender year (CY) 2014.For 2015, the Manila-based multilateral funding agency has projected a growth rate of 6.4 per cent. ""Asian Development Outlook ...",2014-04-01T18:27:12Z
97edfffd-d734-457c-a6b0-23edfd9c6c76,"Pick stocks in IT, media and private sector banks",http://www.moneyguruindia.com/article.php?cid=6869,MoneyGuru India,"Our preferred picks include auto stocks Bajaj Auto, Maruti Suzuki and Tata Motors, banking stocks ICICI Bank and HDFC Bank, cement stock Grasim Industries, construction stocks IRB Infra and IL&FS Transportation Network, engineering stocks Greaves Cotton ...",2014-04-01T00:19:09Z
e2b265fc-1690-49f6-8a94-74fb199dd661,"APEEJAY SCHOOL OF MANAGEMENT, NEW DELHI",http://www.mbauniverse.com/admissions/progress.php?institute_id=378,MBA Universe,"ASM has strong industry linkages with companies like HDFC Bank, ICICI Securities, Net Carrot Loyalty Services etc. to facilitate Training & Placement opportunities and offers industry focused projects. Its alumni are placed across industries such as FMCG ...",2014-03-30T23:51:42Z
6c8224cd-e762-45f7-b839-459d3b62e0d7,Exposed: Maharashtra govt's Rs 450-crore welfare scam,http://www.mid-day.com/articles/exposed-maharashtra-govts-rs-450-crore-welfare-scam/15194069,Mid Day,"Once the government transferred the money to the four traders, the traders then transferred the money to the eight hawala bank accounts in HDFC, ICICI and Rajarambapu Sahakarai banks through RTGS. The hawala firms kept 1 per cent as their fee; the rest ...",2014-03-31T01:46:14Z
7fa8d73c-72fb-40ac-b404-ded85a57b4e7,Jammu & Kashmir Bank - Holding on to their stable performance! - Prabhudas Lilladher,http://www.equitybulls.com/admin/news2006/news_det.asp?id=135551,Equity Bulls,"We hosted the management of J&K Bank recently. Near-term performance is expected to remain strong with no large negative surprise on asset quality and a rebound in margins in Q4. Also, stable Advances/Deposit market share for the bank indicates ...",2014-03-29T09:19:34Z
205e9c4c-f077-42e1-949e-4efb08979f0d,BSE Sensex drops 102 points on profit-taking,http://indianexpress.com/article/business/market/bse-sensex-drops-102-points-on-profit-taking/,The Indian Express,"BSE Sensex had lost 42.42 points in Thursday's trade after soaring to new intra-day lifetime high of 22,620.65. The BSE Sensex dropped by another 102 points in morning trade today on selling pressure from operators mainly in refinery, capital goods and ...",2014-04-04T05:30:33Z
f7508207-97d3-4c7e-ad38-42aa8932215d,"Nifty ends tad below 6700, rupee gains past 60/$; SBI leads",http://www.domain-b.com/investments/markets/general/20140328_markets.html,Domain-b,"Public sector lender State Bank of India rallied nearly 3 percent whereas its rivals ICICI Bank and HDFC Bank lost 0.2 percent and 0.8 percent, respectively. Axis Bank gained 1.5 percent. Aluminium major Hindalco Industries topped the buying list ...",2014-03-28T09:27:55Z
4b3c18b9-4d15-4e47-afc4-5f616f8a2a6d,HSBC agrees to compensate Suchitra Krishnamoorthy,http://www.moneylife.in/article/hsbc-agrees-to-compensate-suchitra-krishnamoorthy/36707.html,Moneylife,"The bank used confidential information about the hefty deposit ... Apart from these, majority of the investments were made in balanced schemes of HDFC Mutual Fund, ICICI Mutual Fund and Sundaram Mutual Fund. • The worst part of the transactions came ...",2014-03-14T23:56:21Z
97278bb4-1b46-477f-9659-edff2b6f45be,State Bank of India,http://www.ibtimes.co.in/topics/detail/601/state-bank-of-india/,International Business Times,"State Bank of India (Hindi: भारतीय स्टेट बैंक) (SBI) (BSE: 500112, LSE: SBID) is the largest state-owned banking and financial services company in India, by almost every parameter - revenues, profits, assets, market ...",2014-04-04T10:24:02Z
6ef90112-b3e1-46d4-bbfa-b5191711c869,"Indian ADRs mixed; HDFC Bank up, Tata Motors down",http://www.newindianexpress.com/business/market_commentary/Indian-ADRs-mixed-HDFC-Bank-up-Tata-Motors-down/2014/03/28/article2135677.ece,The New Indian Express,"Indian ADRs mixed on Thursday. In banking space HDFC Bank and ICICI Bank went up 0.80% and 0.62% respectively. On the otherhand, Tata Motor dropped the most with fall of 1.41% followed by Dr Reddy'S Laboratories (1.08%) and Wipro (1%).",2014-03-28T02:25:35Z
1ff116d0-5af0-4371-9e88-f0d18f17b6e4,Banks must not punish non-maintenance of minimum balance: RBI,http://indiatoday.intoday.in/story/banks-rbi-non-maintenance-of-minimum-balance-raghuram-rajan-sbi-icici-bank-hdfc-bank/1/352329.html,India Today,"State Bank of India does not levy any charge for non-maintenance of a minimum balance in basic savings account. Customers of ICICI Bank and HDFC Bank are charged Rs 750 per quarter if they don't maintain a minimum average quarterly balance of Rs 10,000 in ...",2014-04-01T11:03:23Z
82d9793a-a300-40bd-b44e-8eb3689b34d8,"ICICI Bank, Olympic Steel, Microsoft, Apple and Google highlighted as Zacks Bull and Bear of the Day",http://www.sys-con.com/node/3044140,SYS-CON Media,The trend of declining economic growth in India for the past couple of years appears to be coming to an end now. And the banking sector continues its strong growth thanks mainly to rising demand for consumer loans. The bank has 7 main business ...,2014-04-04T09:26:46Z
a3be4351-56ed-4f88-87f4-eddba69ae380,Post-election showdown looms for India’s central bank chief,http://www.khaleejtimes.com/kt-article-display-1.asp?section=newsmakers&xfile=/data/newsmakers/2014/April/newsmakers_April5.xml,khaleejtimes.com,"Reserve Bank of India (RBI) Governor Raghuram Rajan prepares to read ... governor immediately after forming the government,"" said A. Prasanna, an economist at ICICI Securities Primary Dealership Ltd in Mumbai. Before moving to the RBI, Rajan, 51, served ...",2014-04-05T01:11:40Z
eaad4f19-b637-4114-a9a1-ac3c877ac590,"Bandhan, IDFC Get On The Tough Road",http://www.businessworld.in/news/economy/bandhan-idfc-get-on-the-tough-road/1318457/page-1.html,businessworld.in,"IDFC is the third financial institution to get a license after Axis Bank (old UTI Bank set up UTI), IDBI Bank (IDBI), and ICICI Bank (ICICI Ltd). The ""surprise"" in the pack is Bandhan. Set up in 2001 by Chandrashekhar Ghosh, it beat the biggies in ...",2014-04-04T10:31:12Z
ca104403-32f8-446c-a830-3daa4cef13f3,"Banking Stocks Coverage -- Research on SunTrust Banks, National Bank of Greece, ICICI Bank, and Comerica",http://www.sacbee.com/2014/04/03/6292384/banking-stocks-coverage-research.html,TheSacramento Bee,"On Wednesday, SunTrust Banks Inc.'s stock finished the session 0.27% higher at $40.38. A total of 4.36 million shares were traded, which is above the three months average volume of 3.52 million shares. The stock fluctuated between $39.99 and $40 ...",2014-04-03T13:24:11Z
5577bde8-fa2e-4cd2-b20c-4472d92ee067,India opens doors to new banks,http://www.ifrasia.com/india-opens-doors-to-new-banks/21139865.article,ifrasia.com,"the central bank first plans to create rules and specific permits for different categories of banks, such as firms that provide payment services, wholesale consumer services or investment banking. A 12-member committee headed by ex-ICICI banker Nachiket ...",2014-04-04T23:31:27Z
2f131ec4-acbe-4fe7-acb6-326ee8d24224,Indian Shares Decline Ahead Of US Data,http://www.rttnews.com/2297537/indian-shares-decline-ahead-of-us-data.aspx,Realtime Business News,"Banks SBI and ICICI Bank are down about a percent each after the RBI announced it would conduct a 13-day term repo auction of Rs.60,000 crore and a three-day additional repo auction of Rs.20,000 crore today, taking into account the prevailing market ...",2014-04-04T00:22:45Z
fa44da08-3391-4001-b567-8c144bfbff31,Indian Shares Fall On Profit Taking,http://www.nasdaq.com/article/indian-shares-fall-on-profit-taking-20140403-00167,NASDAQ,"Banks ended mostly lower, with ICICI Bank losing 0.6 percent and SBI declining 2 percent after the Reserve Bank of India clarified the time limit for spreading bond losses held under banks' mark-to-market portfolios had lapsed on March 31.",2014-04-03T11:08:10Z
b282ca68-0b36-4a18-8bcb-e6dc5017a39d,Morning Coffee: Goldman says it rejects 96% of applicants. Banks have hiring freezes in London,http://news.efinancialcareers.com/us-en/168821/morning-coffee-goldman-says-rejects-96-applicants-banks-hiring-freezes-london/,news.efinancialcareers.com,"In their annual shareholder letter, released today, Lloyd Blankfein and Gary Cohn. Goldman’s CEO and COO respectively, say the bank received 43,000 applications for 1,900 analyst positions last year. 4% of applicants were accepted; 96% were rejected.",2014-04-04T06:13:30Z
6fec65b0-8c10-4ce9-9f2e-ad8ecbc3c4bf,"Asia's SMEs need more nonbank financing to grow, ADB reports",http://www.theasset.com/article/26344.html,theasset.com,"Small- and medium-sized enterprises (SMEs) are the backbone of Asia’s economies, but they need better access to finance to grow and generate badly needed new jobs for the region, says a new Asian Development Bank (ADB) report. ""Most of Asia’s smaller ...",2014-04-04T03:00:13Z
ab6c5ae5-286e-4815-bb05-6c526c8272e9,"Times Now announces ""NRI of the Year"" winners",http://www.menafn.com/1093800887/Times-Now-announces-NRI-of-the-Year-winners,MENAFN,(MENAFN - Khaleej Times) The ceremony was graced by the presence of amitabh bachchan who was felicitated with india?s global icon award. times now india’s number one news channel with a presence in over 75 countries recently celebrated the success and ...,2014-04-02T06:01:33Z
a8e85cdd-ee13-4030-bf94-eddb5fb6de14,"""ICICI Lombard General Insurance Company Limited : Company Profile and SWOT Analysis"" Published",http://www.live-pr.com/en/icici-lombard-general-insurance-company-r1050321640.htm,Live-PR,"05.04.2014 15:12:28 - Fast Market Research recommends ""ICICI Lombard General Insurance Company Limited : Company Profile and SWOT Analysis"" from World Market Intelligence, now available (live-PR.com) - This report is a crucial resource for industry ...",2014-04-05T12:46:01Z
